Position,Frame
(0.0000000 0.0000000 0.0000000),1
(0.0000000 0.0000000 0.0000000),2
(0.0000000 0.0000000 0.0000000),3
(0.0000000 0.0000000 0.0000000),4
(0.0000000 0.0000000 0.0000000),5
(0.0000000 0.0000000 0.0000000),6
(0.0000000 0.0000000 0.0000000),7
(0.0000000 0.0000000 0.0000000),8
(0.0000000 0.0000000 0.0000000),9
(0.0000000 0.0000000 0.0000000),10
(0.0000000 0.0000000 0.0000000),11
(0.0000000 0.0000000 0.0000000),12
(0.0000000 0.0000000 0.0000000),13
(0.0000000 0.0000000 0.0000000),14
(0.0000000 0.0000000 0.0000000),15
(0.0000000 0.0000000 0.0000000),16
(0.0000000 0.0000000 0.0000000),17
(0.0000000 0.0000000 0.0000000),18
(0.0000000 0.0000000 0.0000000),19
(0.0000000 0.0000000 0.0000000),20
(0.0000000 0.0000000 0.0000000),21
(0.0000000 0.0000000 0.0000000),22
(0.0000000 0.0000000 0.0000000),23
(0.0000000 0.0000000 0.0000000),24
(0.0000000 0.0000000 0.0000000),25
(0.0000000 0.0000000 0.0000000),26
(0.0000000 0.0000000 0.0000000),27
(0.0000000 0.0000000 0.0000000),28
(0.0000000 0.0000000 0.0000000),29
(0.0000000 0.0000000 0.0000000),30
(0.0000000 0.0000000 0.0000000),31
(0.0000000 0.0000000 0.0000000),32
(0.0000000 0.0000000 0.0000000),33
(0.0000000 0.0000000 0.0000000),34
(0.0000000 0.0000000 0.0000000),35
(0.0000000 0.0000000 0.0000000),36
(0.0000000 0.0000000 0.0000000),37
(0.0000000 0.0000000 0.0000000),38
(0.0000000 0.0000000 0.0000000),39
(0.0000000 0.0000000 0.0000000),40
(0.0000000 0.0000000 0.0000000),41
(0.0000000 0.0000000 0.0000000),42
(0.0000000 0.0000000 0.0000000),43
(0.0000000 0.0000000 0.0000000),44
(0.0000000 0.0000000 0.0000000),45
(0.0000000 0.0000000 0.0000000),46
(0.0000000 0.0000000 0.0000000),47
(0.0000000 0.0000000 0.0000000),48
(0.0000000 0.0000000 0.0000000),49
(0.0000000 0.0000000 0.0000000),50
(0.0000000 0.0000000 0.0000000),51
(0.0000000 0.0000000 0.0000000),52
(0.0000000 0.0000000 0.0000000),53
(0.0000000 0.0000000 0.0000000),54
(0.0000000 0.0000000 0.0000000),55
(0.0000000 0.0000000 0.0000000),56
(0.0000000 0.0000000 0.0000000),57
(0.0000000 0.0000000 0.0000000),58
(0.0000000 0.0000000 0.0000000),59
(0.0000000 0.0000000 0.0000000),60
(0.0000000 0.0000000 0.0000000),61
(0.0000000 0.0000000 0.0000000),62
(0.0000000 0.0000000 0.0000000),63
(0.0000000 0.0000000 0.0000000),64
(0.0000000 0.0000000 0.0000000),65
(0.0000000 0.0000000 0.0000000),66
(0.0000000 0.0000000 0.0000000),67
(0.0000000 0.0000000 0.0000000),68
(0.0000000 0.0000000 0.0000000),69
(0.0000000 0.0000000 0.0000000),70
(0.0000000 0.0000000 0.0000000),71
(0.0000000 0.0000000 0.0000000),72
(0.0000000 0.0000000 0.0000000),73
(0.0000000 0.0000000 0.0000000),74
(0.0000000 0.0000000 0.0000000),75
(0.0000000 0.0000000 0.0000000),76
(0.0000000 0.0000000 0.0000000),77
(0.0000000 0.0000000 0.0000000),78
(0.0000000 0.0000000 0.0000000),79
(0.0000000 0.0000000 0.0000000),80
(0.0000000 0.0000000 0.0000000),81
(0.0000000 0.0000000 0.0000000),82
(0.0000000 0.0000000 0.0000000),83
(0.0000000 0.0000000 0.0000000),84
(0.0000000 0.0000000 0.0000000),85
(0.0000000 0.0000000 0.0000000),86
(0.0000000 0.0000000 0.0000000),87
(0.0000000 0.0000000 0.0000000),88
(0.0000000 0.0000000 0.0000000),89
(0.0000000 0.0000000 0.0000000),90
(0.0000000 0.0000000 0.0000000),91
(0.0000000 0.0000000 0.0000000),92
(0.0000000 0.0000000 0.0000000),93
(0.0000000 0.0000000 0.0000000),94
(0.0000000 0.0000000 0.0000000),95
(0.0000000 0.0000000 0.0000000),96
(0.0000000 0.0000000 0.0000000),97
(0.0000000 0.0000000 0.0000000),98
(0.0000000 0.0000000 0.0000000),99
(0.0000000 0.0000000 0.0000000),100
(0.0000000 0.0000000 0.0000000),101
(0.0000000 0.0000000 0.0000000),102
(0.0000000 0.0000000 0.0000000),103
(0.0000000 0.0000000 0.0000000),104
(0.0000000 0.0000000 0.0000000),105
(0.0000000 0.0000000 0.0000000),106
(0.0000000 0.0000000 0.0000000),107
(0.0000000 0.0000000 0.0000000),108
(0.0000000 0.0000000 0.0000000),109
(0.0000000 0.0000000 0.0000000),110
(0.0000000 0.0000000 0.0000000),111
(0.0000000 0.0000000 0.0000000),112
(0.0000000 0.0000000 0.0000000),113
(0.0000000 0.0000000 0.0000000),114
(0.0000000 0.0000000 0.0000000),115
(0.0000000 0.0000000 0.0000000),116
(0.0000000 0.0000000 0.0000000),117
(0.0000000 0.0000000 0.0000000),118
(0.0000000 0.0000000 0.0000000),119
(0.0000000 0.0000000 0.0000000),120
(0.0000000 0.0000000 0.0000000),121
(0.0000000 0.0000000 0.0000000),122
(0.0000000 0.0000000 0.0000000),123
(0.0000000 0.0000000 0.0000000),124
(0.0000000 0.0000000 0.0000000),125
(0.0000000 0.0000000 0.0000000),126
(0.0000000 0.0000000 0.0000000),127
(0.0000000 0.0000000 0.0000000),128
(0.0000000 0.0000000 0.0000000),129
(0.0000000 0.0000000 0.0000000),130
(0.0000000 0.0000000 0.0000000),131
(0.0000000 0.0000000 0.0000000),132
(0.0000000 0.0000000 0.0000000),133
(0.0000000 0.0000000 0.0000000),134
(0.0000000 0.0000000 0.0000000),135
(0.0000000 0.0000000 0.0000000),136
(0.0000000 0.0000000 0.0000000),137
(0.0000000 0.0000000 0.0000000),138
(0.0000000 0.0000000 0.0000000),139
(0.0000000 0.0000000 0.0000000),140
(0.0000000 0.0000000 0.0000000),141
(0.0000000 0.0000000 0.0000000),142
(0.0000000 0.0000000 0.0000000),143
(0.0000000 0.0000000 0.0000000),144
(0.0000000 0.0000000 0.0000000),145
(0.0000000 0.0000000 0.0000000),146
(0.0000000 0.0000000 0.0000000),147
(0.0000000 0.0000000 0.0000000),148
(0.0000000 0.0000000 0.0000000),149
(0.0000000 0.0000000 0.0000000),150
(0.0000000 0.0000000 0.0000000),151
(0.0000000 0.0000000 0.0000000),152
(0.0000000 0.0000000 0.0000000),153
(0.0000000 0.0000000 0.0000000),154
(0.0000000 0.0000000 0.0000000),155
(0.0000000 0.0000000 0.0000000),156
(0.0000000 0.0000000 0.0000000),157
(0.0000000 0.0000000 0.0000000),158
(0.0000000 0.0000000 0.0000000),159
(0.0000000 0.0000000 0.0000000),160
(0.0000000 0.0000000 0.0000000),161
(0.0000000 0.0000000 0.0000000),162
(0.0000000 0.0000000 0.0000000),163
(0.0000000 0.0000000 0.0000000),164
(0.0000000 0.0000000 0.0000000),165
(0.0000000 0.0000000 0.0000000),166
(0.0000000 0.0000000 0.0000000),167
(0.0000000 0.0000000 0.0000000),168
(0.0000000 0.0000000 0.0000000),169
(0.0000000 0.0000000 0.0000000),170
(0.0000000 0.0000000 0.0000000),171
(0.0000000 0.0000000 0.0000000),172
(0.0000000 0.0000000 0.0000000),173
(0.0000000 0.0000000 0.0000000),174
(0.0000000 0.0000000 0.0000000),175
(0.0000000 0.0000000 0.0000000),176
(0.0000000 0.0000000 0.0000000),177
(0.0000000 0.0000000 0.0000000),178
(0.0000000 0.0000000 0.0000000),179
(0.0000000 0.0000000 0.0000000),180
(0.0000000 0.0000000 0.0000000),181
(0.0000000 0.0000000 0.0000000),182
(0.0000000 0.0000000 0.0000000),183
(0.0000000 0.0000000 0.0000000),184
(0.0000000 0.0000000 0.0000000),185
(0.0000000 0.0000000 0.0000000),186
(0.0000000 0.0000000 0.0000000),187
(0.0000000 0.0000000 0.0000000),188
(0.0000000 0.0000000 0.0000000),189
(0.0000000 0.0000000 0.0000000),190
(0.0000000 0.0000000 0.0000000),191
(0.0000000 0.0000000 0.0000000),192
(0.0000000 0.0000000 0.0000000),193
(0.0000000 0.0000000 0.0000000),194
(0.0000000 0.0000000 0.0000000),195
(0.0000000 0.0000000 0.0000000),196
(0.0000000 0.0000000 0.0000000),197
(0.0000000 0.0000000 0.0000000),198
(0.0000000 0.0000000 0.0000000),199
(0.0000000 0.0000000 0.0000000),200
(0.0000000 0.0000000 0.0000000),201
(0.0000000 0.0000000 0.0000000),202
(0.0000000 0.0000000 0.0000000),203
(0.0000000 0.0000000 0.0000000),204
(0.0000000 0.0000000 0.0000000),205
(0.0000000 0.0000000 0.0000000),206
(0.0000000 0.0000000 0.0000000),207
(0.0000000 0.0000000 0.0000000),208
(0.0000000 0.0000000 0.0000000),209
(0.0000000 0.0000000 0.0000000),210
(0.0000000 0.0000000 0.0000000),211
(0.0000000 0.0000000 0.0000000),212
(0.0000000 0.0000000 0.0000000),213
(0.0000000 0.0000000 0.0000000),214
(0.0000000 0.0000000 0.0000000),215
(0.0000000 0.0000000 0.0000000),216
(0.0000000 0.0000000 0.0000000),217
(0.0000000 0.0000000 0.0000000),218
(0.0000000 0.0000000 0.0000000),219
(0.0000000 0.0000000 0.0000000),220
(0.0000000 0.0000000 0.0000000),221
(0.0000000 0.0000000 0.0000000),222
(0.0000000 0.0000000 0.0000000),223
(0.0000000 0.0000000 0.0000000),224
(0.0000000 0.0000000 0.0000000),225
(0.0000000 0.0000000 0.0000000),226
(0.0000000 0.0000000 0.0000000),227
(0.0000000 0.0000000 0.0000000),228
(0.0000000 0.0000000 0.0000000),229
(0.0000000 0.0000000 0.0000000),230
(0.0000000 0.0000000 0.0000000),231
(0.0000000 0.0000000 0.0000000),232
(0.0000000 0.0000000 0.0000000),233
(0.0000000 0.0000000 0.0000000),234
(0.0000000 0.0000000 0.0000000),235
(0.0000000 0.0000000 0.0000000),236
(0.0000000 0.0000000 0.0000000),237
(0.0000000 0.0000000 0.0000000),238
(0.0000000 0.0000000 0.0000000),239
(0.0000000 0.0000000 0.0000000),240
(0.0000000 0.0000000 0.0000000),241
(0.0000000 0.0000000 0.0000000),242
(0.0000000 0.0000000 0.0000000),243
(0.0000000 0.0000000 0.0000000),244
(0.0000000 0.0000000 0.0000000),245
(0.0000000 0.0000000 0.0000000),246
(0.0000000 0.0000000 0.0000000),247
(0.0000000 0.0000000 0.0000000),248
(0.0000000 0.0000000 0.0000000),249
(0.0000000 0.0000000 0.0000000),250
(0.0000000 0.0000000 0.0000000),251
(0.0000000 0.0000000 0.0000000),252
(0.0000000 0.0000000 0.0000000),253
(0.0000000 0.0000000 0.0000000),254
(0.0000000 0.0000000 0.0000000),255
(0.0000000 0.0000000 0.0000000),256
(0.0000000 0.0000000 0.0000000),257
(0.0000000 0.0000000 0.0000000),258
(0.0000000 0.0000000 0.0000000),259
(0.0000000 0.0000000 0.0000000),260
(0.0000000 0.0000000 0.0000000),261
(0.0000000 0.0000000 0.0000000),262
(0.0000000 0.0000000 0.0000000),263
(0.0000000 0.0000000 0.0000000),264
(0.0000000 0.0000000 0.0000000),265
(0.0000000 0.0000000 0.0000000),266
(0.0000000 0.0000000 0.0000000),267
(0.0000000 0.0000000 0.0000000),268
(0.0000000 0.0000000 0.0000000),269
(0.0000000 0.0000000 0.0000000),270
(0.0000000 0.0000000 0.0000000),271
(0.0000000 0.0000000 0.0000000),272
(0.0000000 0.0000000 0.0000000),273
(0.0000000 0.0000000 0.0000000),274
(0.0000000 0.0000000 0.0000000),275
(0.0000000 0.0000000 0.0000000),276
(0.0000000 0.0000000 0.0000000),277
(0.0000000 0.0000000 0.0000000),278
(0.0000000 0.0000000 0.0000000),279
(0.0000000 0.0000000 0.0000000),280
(0.0000000 0.0000000 0.0000000),281
(0.0000000 0.0000000 0.0000000),282
(0.0000000 0.0000000 0.0000000),283
(0.0000000 0.0000000 0.0000000),284
(0.0000000 0.0000000 0.0000000),285
(0.0000000 0.0000000 0.0000000),286
(0.0000000 0.0000000 0.0000000),287
(0.0000000 0.0000000 0.0000000),288
(0.0000000 0.0000000 0.0000000),289
(0.0000000 0.0000000 0.0000000),290
(0.0000000 0.0000000 0.0000000),291
(0.0000000 0.0000000 0.0000000),292
(0.0000000 0.0000000 0.0000000),293
(0.0000000 0.0000000 0.0000000),294
(0.0000000 0.0000000 0.0000000),295
(0.0000000 0.0000000 0.0000000),296
(0.0000000 0.0000000 0.0000000),297
(0.0000000 0.0000000 0.0000000),298
(0.0000000 0.0000000 0.0000000),299
(0.0000000 0.0000000 0.0000000),300
(0.0000000 0.0000000 0.0000000),301
(0.0000000 0.0000000 0.0000000),302
(0.0000000 0.0000000 0.0000000),303
(0.0000000 0.0000000 0.0000000),304
(0.0000000 0.0000000 0.0000000),305
(0.0000000 0.0000000 0.0000000),306
(0.0000000 0.0000000 0.0000000),307
(0.0000000 0.0000000 0.0000000),308
(0.0000000 0.0000000 0.0000000),309
(0.0000000 0.0000000 0.0000000),310
(0.0000000 0.0000000 0.0000000),311
(0.0000000 0.0000000 0.0000000),312
(0.0000000 0.0000000 0.0000000),313
(0.0000000 0.0000000 0.0000000),314
(0.0000000 0.0000000 0.0000000),315
(0.0000000 0.0000000 0.0000000),316
(0.0000000 0.0000000 0.0000000),317
(0.0000000 0.0000000 0.0000000),318
(0.0000000 0.0000000 0.0000000),319
(0.0000000 0.0000000 0.0000000),320
(0.0000000 0.0000000 0.0000000),321
(0.0000000 0.0000000 0.0000000),322
(0.0000000 0.0000000 0.0000000),323
(0.0000000 0.0000000 0.0000000),324
(0.0000000 0.0000000 0.0000000),325
(0.0000000 0.0000000 0.0000000),326
(0.0000000 0.0000000 0.0000000),327
(0.0000000 0.0000000 0.0000000),328
(0.0000000 0.0000000 0.0000000),329
(0.0000000 0.0000000 0.0000000),330
(0.0000000 0.0000000 0.0000000),331
(0.0000000 0.0000000 0.0000000),332
(0.0000000 0.0000000 0.0000000),333
(0.0000000 0.0000000 0.0000000),334
(0.0000000 0.0000000 0.0000000),335
(0.0000000 0.0000000 0.0000000),336
(0.0000000 0.0000000 0.0000000),337
(0.0000000 0.0000000 0.0000000),338
(0.0000000 0.0000000 0.0000000),339
(0.0000000 0.0000000 0.0000000),340
(0.0000000 0.0000000 0.0000000),341
(0.0000000 0.0000000 0.0000000),342
(0.0000000 0.0000000 0.0000000),343
(0.0000000 0.0000000 0.0000000),344
(0.0000000 0.0000000 0.0000000),345
(0.0000000 0.0000000 0.0000000),346
(0.0000000 0.0000000 0.0000000),347
(0.0000000 0.0000000 0.0000000),348
(0.0000000 0.0000000 0.0000000),349
(0.0000000 0.0000000 0.0000000),350
(0.0000000 0.0000000 0.0000000),351
(0.0000000 0.0000000 0.0000000),352
(0.0000000 0.0000000 0.0000000),353
(0.0000000 0.0000000 0.0000000),354
(0.0000000 0.0000000 0.0000000),355
(0.0000000 0.0000000 0.0000000),356
(0.0000000 0.0000000 0.0000000),357
(0.0000000 0.0000000 0.0000000),358
(0.0000000 0.0000000 0.0000000),359
(0.0000000 0.0000000 0.0000000),360
(0.0000000 0.0000000 0.0000000),361
(0.0000000 0.0000000 0.0000000),362
(0.0000000 0.0000000 0.0000000),363
(0.0000000 0.0000000 0.0000000),364
(0.0000000 0.0000000 0.0000000),365
(0.0000000 0.0000000 0.0000000),366
(0.0000000 0.0000000 0.0000000),367
(0.0000000 0.0000000 0.0000000),368
(0.0000000 0.0000000 0.0000000),369
(0.0000000 0.0000000 0.0000000),370
(0.0000000 0.0000000 0.0000000),371
(0.0000000 0.0000000 0.0000000),372
(0.0000000 0.0000000 0.0000000),373
(0.0000000 0.0000000 0.0000000),374
(0.0000000 0.0000000 0.0000000),375
(0.0000000 0.0000000 0.0000000),376
(0.0000000 0.0000000 0.0000000),377
(0.0000000 0.0000000 0.0000000),378
(0.0000000 0.0000000 0.0000000),379
(0.0000000 0.0000000 0.0000000),380
(0.0000000 0.0000000 0.0000000),381
(0.0000000 0.0000000 0.0000000),382
(0.0000000 0.0000000 0.0000000),383
(0.0000000 0.0000000 0.0000000),384
(0.0000000 0.0000000 0.0000000),385
(0.0000000 0.0000000 0.0000000),386
(0.0000000 0.0000000 0.0000000),387
(0.0000000 0.0000000 0.0000000),388
(0.0000000 0.0000000 0.0000000),389
(0.0000000 0.0000000 0.0000000),390
(0.0000000 0.0000000 0.0000000),391
(0.0000000 0.0000000 0.0000000),392
(0.0000000 0.0000000 0.0000000),393
(0.0000000 0.0000000 0.0000000),394
(0.0000000 0.0000000 0.0000000),395
(0.0000000 0.0000000 0.0000000),396
(0.0000000 0.0000000 0.0000000),397
(0.0000000 0.0000000 0.0000000),398
(0.0000000 0.0000000 0.0000000),399
(0.0000000 0.0000000 0.0000000),400
(0.0000000 0.0000000 0.0000000),401
(0.0000000 0.0000000 0.0000000),402
(0.0000000 0.0000000 0.0000000),403
(0.0000000 0.0000000 0.0000000),404
(0.0000000 0.0000000 0.0000000),405
(0.0000000 0.0000000 0.0000000),406
(0.0000000 0.0000000 0.0000000),407
(0.0000000 0.0000000 0.0000000),408
(0.0000000 0.0000000 0.0000000),409
(0.0000000 0.0000000 0.0000000),410
(0.0000000 0.0000000 0.0000000),411
(0.0000000 0.0000000 0.0000000),412
(0.0000000 0.0000000 0.0000000),413
(0.0000000 0.0000000 0.0000000),414
(0.0000000 0.0000000 0.0000000),415
(0.0000000 0.0000000 0.0000000),416
(0.0000000 0.0000000 0.0000000),417
(0.0000000 0.0000000 0.0000000),418
(0.0000000 0.0000000 0.0000000),419
(0.0000000 0.0000000 0.0000000),420
(0.0000000 0.0000000 0.0000000),421
(0.0000000 0.0000000 0.0000000),422
(0.0000000 0.0000000 0.0000000),423
(0.0000000 0.0000000 0.0000000),424
(0.0000000 0.0000000 0.0000000),425
(0.0000000 0.0000000 0.0000000),426
(0.0000000 0.0000000 0.0000000),427
(0.0000000 0.0000000 0.0000000),428
(0.0000000 0.0000000 0.0000000),429
(0.0000000 0.0000000 0.0000000),430
(0.0000000 0.0000000 0.0000000),431
(0.0000000 0.0000000 0.0000000),432
(0.0000000 0.0000000 0.0000000),433
(0.0000000 0.0000000 0.0000000),434
(0.0000000 0.0000000 0.0000000),435
(0.0000000 0.0000000 0.0000000),436
(0.0000000 0.0000000 0.0000000),437
(0.0000000 0.0000000 0.0000000),438
(0.0000000 0.0000000 0.0000000),439
(0.0000000 0.0000000 0.0000000),440
(0.0000000 0.0000000 0.0000000),441
(0.0000000 0.0000000 0.0000000),442
(0.0000000 0.0000000 0.0000000),443
(0.0000000 0.0000000 0.0000000),444
(0.0000000 0.0000000 0.0000000),445
(0.0000000 0.0000000 0.0000000),446
(0.0000000 0.0000000 0.0000000),447
(0.0000000 0.0000000 0.0000000),448
(0.0000000 0.0000000 0.0000000),449
(0.0000000 0.0000000 0.0000000),450
(0.0000000 0.0000000 0.0000000),451
(0.0000000 0.0000000 0.0000000),452
(0.0000000 0.0000000 0.0000000),453
(0.0000000 0.0000000 0.0000000),454
(0.0000000 0.0000000 0.0000000),455
(0.0000000 0.0000000 0.0000000),456
(0.0000000 0.0000000 0.0000000),457
(0.0000000 0.0000000 0.0000000),458
(0.0000000 0.0000000 0.0000000),459
(0.0000000 0.0000000 0.0000000),460
(0.0000000 0.0000000 0.0000000),461
(0.0000000 0.0000000 0.0000000),462
(0.0000000 0.0000000 0.0000000),463
(0.0000000 0.0000000 0.0000000),464
(0.0000000 0.0000000 0.0000000),465
(0.0000000 0.0000000 0.0000000),466
(0.0000000 0.0000000 0.0000000),467
(0.0000000 0.0000000 0.0000000),468
(0.0000000 0.0000000 0.0000000),469
(0.0000000 0.0000000 0.0000000),470
(0.0000000 0.0000000 0.0000000),471
(0.0000000 0.0000000 0.0000000),472
(0.0000000 0.0000000 0.0000000),473
(0.0000000 0.0000000 0.0000000),474
(0.0000000 0.0000000 0.0000000),475
(0.0000000 0.0000000 0.0000000),476
(0.0000000 0.0000000 0.0000000),477
(0.0000000 0.0000000 0.0000000),478
(0.0000000 0.0000000 0.0000000),479
(0.0000000 0.0000000 0.0000000),480
(0.0000000 0.0000000 0.0000000),481
(0.0000000 0.0000000 0.0000000),482
(0.0000000 0.0000000 0.0000000),483
(0.0000000 0.0000000 0.0000000),484
(0.0000000 0.0000000 0.0000000),485
(0.0000000 0.0000000 0.0000000),486
(0.0000000 0.0000000 0.0000000),487
(0.0000000 0.0000000 0.0000000),488
(0.0000000 0.0000000 0.0000000),489
(0.0000000 0.0000000 0.0000000),490
(0.0000000 0.0000000 0.0000000),491
(0.0000000 0.0000000 0.0000000),492
(0.0000000 0.0000000 0.0000000),493
(0.0000000 0.0000000 0.0000000),494
(0.0000000 0.0000000 0.0000000),495
(0.0000000 0.0000000 0.0000000),496
(0.0000000 0.0000000 0.0000000),497
(0.0000000 0.0000000 0.0000000),498
(0.0000000 0.0000000 0.0000000),499
(0.0000000 0.0000000 0.0000000),500
(0.0000000 0.0000000 0.0000000),501
(0.0000000 0.0000000 0.0000000),502
(0.0000000 0.0000000 0.0000000),503
(0.0000000 0.0000000 0.0000000),504
(0.0000000 0.0000000 0.0000000),505
(0.0000000 0.0000000 0.0000000),506
(0.0000000 0.0000000 0.0000000),507
(0.0000000 0.0000000 0.0000000),508
(0.0000000 0.0000000 0.0000000),509
(0.0000000 0.0000000 0.0000000),510
(0.0000000 0.0000000 0.0000000),511
(0.0000000 0.0000000 0.0000000),512
(0.0000000 0.0000000 0.0000000),513
(0.0000000 0.0000000 0.0000000),514
(0.0000000 0.0000000 0.0000000),515
(0.0000000 0.0000000 0.0000000),516
(0.0000000 0.0000000 0.0000000),517
(0.0000000 0.0000000 0.0000000),518
(0.0000000 0.0000000 0.0000000),519
(0.0000000 0.0000000 0.0000000),520
(0.0000000 0.0000000 0.0000000),521
(0.0000000 0.0000000 0.0000000),522
(0.0000000 0.0000000 0.0000000),523
(0.0000000 0.0000000 0.0000000),524
(0.0000000 0.0000000 0.0000000),525
(0.0000000 0.0000000 0.0000000),526
(0.0000000 0.0000000 0.0000000),527
(0.0000000 0.0000000 0.0000000),528
(0.0000000 0.0000000 0.0000000),529
(0.0000000 0.0000000 0.0000000),530
(0.0000000 0.0000000 0.0000000),531
(0.0000000 0.0000000 0.0000000),532
(0.0000000 0.0000000 0.0000000),533
(0.0000000 0.0000000 0.0000000),534
(0.0000000 0.0000000 0.0000000),535
(0.0000000 0.0000000 0.0000000),536
(0.0000000 0.0000000 0.0000000),537
(0.0000000 0.0000000 0.0000000),538
(0.0000000 0.0000000 0.0000000),539
(0.0000000 0.0000000 0.0000000),540
(0.0000000 0.0000000 0.0000000),541
(0.0000000 0.0000000 0.0000000),542
(0.0000000 0.0000000 0.0000000),543
(0.0000000 0.0000000 0.0000000),544
(0.0000000 0.0000000 0.0000000),545
(0.0000000 0.0000000 0.0000000),546
(0.0000000 0.0000000 0.0000000),547
(0.0000000 0.0000000 0.0000000),548
(0.0000000 0.0000000 0.0000000),549
(0.0000000 0.0000000 0.0000000),550
(0.0000000 0.0000000 0.0000000),551
(0.0000000 0.0000000 0.0000000),552
(0.0000000 0.0000000 0.0000000),553
(0.0000000 0.0000000 0.0000000),554
(0.0000000 0.0000000 0.0000000),555
(0.0000000 0.0000000 0.0000000),556
(0.0000000 0.0000000 0.0000000),557
(0.0000000 0.0000000 0.0000000),558
(0.0000000 0.0000000 0.0000000),559
(0.0000000 0.0000000 0.0000000),560
(0.0000000 0.0000000 0.0000000),561
(0.0000000 0.0000000 0.0000000),562
(0.0000000 0.0000000 0.0000000),563
(0.0000000 0.0000000 0.0000000),564
(0.0000000 0.0000000 0.0000000),565
(0.0000000 0.0000000 0.0000000),566
(0.0000000 0.0000000 0.0000000),567
(0.0000000 0.0000000 0.0000000),568
(0.0000000 0.0000000 0.0000000),569
(0.0000000 0.0000000 0.0000000),570
(0.0000000 0.0000000 0.0000000),571
(0.0000000 0.0000000 0.0000000),572
(0.0000000 0.0000000 0.0000000),573
(0.0000000 0.0000000 0.0000000),574
(0.0000000 0.0000000 0.0000000),575
(0.0000000 0.0000000 0.0000000),576
(0.0000000 0.0000000 0.0000000),577
(0.0000000 0.0000000 0.0000000),578
(0.0000000 0.0000000 0.0000000),579
(0.0000000 0.0000000 0.0000000),580
(0.0000000 0.0000000 0.0000000),581
(0.0000000 0.0000000 0.0000000),582
(0.0000000 0.0000000 0.0000000),583
(0.0000000 0.0000000 0.0000000),584
(0.0000000 0.0000000 0.0000000),585
(0.0000000 0.0000000 0.0000000),586
(0.0000000 0.0000000 0.0000000),587
(0.0000000 0.0000000 0.0000000),588
(0.0000000 0.0000000 0.0000000),589
(0.0000000 0.0000000 0.0000000),590
(0.0000000 0.0000000 0.0000000),591
(0.0000000 0.0000000 0.0000000),592
(0.0000000 0.0000000 0.0000000),593
(0.0000000 0.0000000 0.0000000),594
(0.0000000 0.0000000 0.0000000),595
(0.0000000 0.0000000 0.0000000),596
(0.0000000 0.0000000 0.0000000),597
(0.0000000 0.0000000 0.0000000),598
(0.0000000 0.0000000 0.0000000),599
(0.0000000 0.0000000 0.0000000),600
(0.0000000 0.0000000 0.0000000),601
(0.0000000 0.0000000 0.0000000),602
(0.0000000 0.0000000 0.0000000),603
(0.0000000 0.0000000 0.0000000),604
(0.0000000 0.0000000 0.0000000),605
(0.0000000 0.0000000 0.0000000),606
(0.0000000 0.0000000 0.0000000),607
(0.0000000 0.0000000 0.0000000),608
(0.0000000 0.0000000 0.0000000),609
(0.0000000 0.0000000 0.0000000),610
(0.0000000 0.0000000 0.0000000),611
(0.0000000 0.0000000 0.0000000),612
(0.0000000 0.0000000 0.0000000),613
(0.0000000 0.0000000 0.0000000),614
(0.0000000 0.0000000 0.0000000),615
(0.0000000 0.0000000 0.0000000),616
(0.0000000 0.0000000 0.0000000),617
(0.0000000 0.0000000 0.0000000),618
(0.0000000 0.0000000 0.0000000),619
(0.0000000 0.0000000 0.0000000),620
(0.0000000 0.0000000 0.0000000),621
(0.0000000 0.0000000 0.0000000),622
(0.0000000 0.0000000 0.0000000),623
(0.0000000 0.0000000 0.0000000),624
(0.0000000 0.0000000 0.0000000),625
(0.0000000 0.0000000 0.0000000),626
(0.0000000 0.0000000 0.0000000),627
(0.0000000 0.0000000 0.0000000),628
(0.0000000 0.0000000 0.0000000),629
(0.0000000 0.0000000 0.0000000),630
(0.0000000 0.0000000 0.0000000),631
(0.0000000 0.0000000 0.0000000),632
(0.0000000 0.0000000 0.0000000),633
(0.0000000 0.0000000 0.0000000),634
(0.0000000 0.0000000 0.0000000),635
(0.0000000 0.0000000 0.0000000),636
(0.0000000 0.0000000 0.0000000),637
(0.0000000 0.0000000 0.0000000),638
(0.0000000 0.0000000 0.0000000),639
(0.0000000 0.0000000 0.0000000),640
(0.0000000 0.0000000 0.0000000),641
(0.0000000 0.0000000 0.0000000),642
(0.0000000 0.0000000 0.0000000),643
(0.0000000 0.0000000 0.0000000),644
(0.0000000 0.0000000 0.0000000),645
(0.0000000 0.0000000 0.0000000),646
(0.0000000 0.0000000 0.0000000),647
(0.0000000 0.0000000 0.0000000),648
(0.0000000 0.0000000 0.0000000),649
(0.0000000 0.0000000 0.0000000),650
(0.0000000 0.0000000 0.0000000),651
(0.0000000 0.0000000 0.0000000),652
(0.0000000 0.0000000 0.0000000),653
(0.0000000 0.0000000 0.0000000),654
(0.0000000 0.0000000 0.0000000),655
(0.0000000 0.0000000 0.0000000),656
(0.0000000 0.0000000 0.0000000),657
(0.0000000 0.0000000 0.0000000),658
(0.0000000 0.0000000 0.0000000),659
(0.0000000 0.0000000 0.0000000),660
(0.0000000 0.0000000 0.0000000),661
(0.0000000 0.0000000 0.0000000),662
(0.0000000 0.0000000 0.0000000),663
(0.0000000 0.0000000 0.0000000),664
(0.0000000 0.0000000 0.0000000),665
(0.0000000 0.0000000 0.0000000),666
(0.0000000 0.0000000 0.0000000),667
(0.0000000 0.0000000 0.0000000),668
(0.0000000 0.0000000 0.0000000),669
(0.0000000 0.0000000 0.0000000),670
(0.0000000 0.0000000 0.0000000),671
(0.0000000 0.0000000 0.0000000),672
(0.0000000 0.0000000 0.0000000),673
(0.0000000 0.0000000 0.0000000),674
(0.0000000 0.0000000 0.0000000),675
(0.0000000 0.0000000 0.0000000),676
(0.0000000 0.0000000 0.0000000),677
(0.0000000 0.0000000 0.0000000),678
(0.0000000 0.0000000 0.0000000),679
(0.0000000 0.0000000 0.0000000),680
(0.0000000 0.0000000 0.0000000),681
(0.0000000 0.0000000 0.0000000),682
(0.0000000 0.0000000 0.0000000),683
(0.0000000 0.0000000 0.0000000),684
(0.0000000 0.0000000 0.0000000),685
(0.0000000 0.0000000 0.0000000),686
(0.0000000 0.0000000 0.0000000),687
(0.0000000 0.0000000 0.0000000),688
(0.0000000 0.0000000 0.0000000),689
(0.0000000 0.0000000 0.0000000),690
(0.0000000 0.0000000 0.0000000),691
(0.0000000 0.0000000 0.0000000),692
(0.0000000 0.0000000 0.0000000),693
(0.0000000 0.0000000 0.0000000),694
(0.0000000 0.0000000 0.0000000),695
(0.0000000 0.0000000 0.0000000),696
(0.0000000 0.0000000 0.0000000),697
(0.0000000 0.0000000 0.0000000),698
(0.0000000 0.0000000 0.0000000),699
(0.0000000 0.0000000 0.0000000),700
(0.0000000 0.0000000 0.0000000),701
(0.0000000 0.0000000 0.0000000),702
(0.0000000 0.0000000 0.0000000),703
(0.0000000 0.0000000 0.0000000),704
(0.0000000 0.0000000 0.0000000),705
(0.0000000 0.0000000 0.0000000),706
(0.0000000 0.0000000 0.0000000),707
(0.0000000 0.0000000 0.0000000),708
(0.0000000 0.0000000 0.0000000),709
(0.0000000 0.0000000 0.0000000),710
(0.0000000 0.0000000 0.0000000),711
(0.0000000 0.0000000 0.0000000),712
(0.0000000 0.0000000 0.0000000),713
(0.0000000 0.0000000 0.0000000),714
(0.0000000 0.0000000 0.0000000),715
(0.0000000 0.0000000 0.0000000),716
(0.0000000 0.0000000 0.0000000),717
(0.0000000 0.0000000 0.0000000),718
(0.0000000 0.0000000 0.0000000),719
(0.0000000 0.0000000 0.0000000),720
(0.0000000 0.0000000 0.0000000),721
(0.0000000 0.0000000 0.0000000),722
(0.0000000 0.0000000 0.0000000),723
(0.0000000 0.0000000 0.0000000),724
(0.0000000 0.0000000 0.0000000),725
(0.0000000 0.0000000 0.0000000),726
(0.0000000 0.0000000 0.0000000),727
(0.0000000 0.0000000 0.0000000),728
(0.0000000 0.0000000 0.0000000),729
(0.0000000 0.0000000 0.0000000),730
(0.0000000 0.0000000 0.0000000),731
(0.0000000 0.0000000 0.0000000),732
(0.0000000 0.0000000 0.0000000),733
(0.0000000 0.0000000 0.0000000),734
(0.0000000 0.0000000 0.0000000),735
(0.0000000 0.0000000 0.0000000),736
(0.0000000 0.0000000 0.0000000),737
(0.0000000 0.0000000 0.0000000),738
(0.0000000 0.0000000 0.0000000),739
(0.0000000 0.0000000 0.0000000),740
(0.0000000 0.0000000 0.0000000),741
(0.0000000 0.0000000 0.0000000),742
(0.0000000 0.0000000 0.0000000),743
(0.0000000 0.0000000 0.0000000),744
(0.0000000 0.0000000 0.0000000),745
(0.0000000 0.0000000 0.0000000),746
(0.0000000 0.0000000 0.0000000),747
(0.0000000 0.0000000 0.0000000),748
(0.0000000 0.0000000 0.0000000),749
(0.0000000 0.0000000 0.0000000),750
(0.0000000 0.0000000 0.0000000),751
(0.0000000 0.0000000 0.0000000),752
(0.0000000 0.0000000 0.0000000),753
(0.0000000 0.0000000 0.0000000),754
(0.0000000 0.0000000 0.0000000),755
(0.0000000 0.0000000 0.0000000),756
(0.0000000 0.0000000 0.0000000),757
(0.0000000 0.0000000 0.0000000),758
(0.0000000 0.0000000 0.0000000),759
(0.0000000 0.0000000 0.0000000),760
(0.0000000 0.0000000 0.0000000),761
(0.0000000 0.0000000 0.0000000),762
(0.0000000 0.0000000 0.0000000),763
(0.0000000 0.0000000 0.0000000),764
(0.0000000 0.0000000 0.0000000),765
(0.0000000 0.0000000 0.0000000),766
(0.0000000 0.0000000 0.0000000),767
(0.0000000 0.0000000 0.0000000),768
(0.0000000 0.0000000 0.0000000),769
(0.0000000 0.0000000 0.0000000),770
(0.0000000 0.0000000 0.0000000),771
(0.0000000 0.0000000 0.0000000),772
(0.0000000 0.0000000 0.0000000),773
(0.0000000 0.0000000 0.0000000),774
(0.0000000 0.0000000 0.0000000),775
(0.0000000 0.0000000 0.0000000),776
(0.0000000 0.0000000 0.0000000),777
(0.0000000 0.0000000 0.0000000),778
(0.0000000 0.0000000 0.0000000),779
(0.0000000 0.0000000 0.0000000),780
(0.0000000 0.0000000 0.0000000),781
(0.0000000 0.0000000 0.0000000),782
(0.0000000 0.0000000 0.0000000),783
(0.0000000 0.0000000 0.0000000),784
(0.0000000 0.0000000 0.0000000),785
(0.0000000 0.0000000 0.0000000),786
(0.0000000 0.0000000 0.0000000),787
(0.0000000 0.0000000 0.0000000),788
(0.0000000 0.0000000 0.0000000),789
(0.0000000 0.0000000 0.0000000),790
(0.0000000 0.0000000 0.0000000),791
(0.0000000 0.0000000 0.0000000),792
(0.0000000 0.0000000 0.0000000),793
(0.0000000 0.0000000 0.0000000),794
(0.0000000 0.0000000 0.0000000),795
(0.0000000 0.0000000 0.0000000),796
(0.0000000 0.0000000 0.0000000),797
(0.0000000 0.0000000 0.0000000),798
(0.0000000 0.0000000 0.0000000),799
(0.0000000 0.0000000 0.0000000),800
(0.0000000 0.0000000 0.0000000),801
(0.0000000 0.0000000 0.0000000),802
(0.0000000 0.0000000 0.0000000),803
(0.0000000 0.0000000 0.0000000),804
(0.0000000 0.0000000 0.0000000),805
(0.0000000 0.0000000 0.0000000),806
(0.0000000 0.0000000 0.0000000),807
(0.0000000 0.0000000 0.0000000),808
(0.0000000 0.0000000 0.0000000),809
(0.0000000 0.0000000 0.0000000),810
(0.0000000 0.0000000 0.0000000),811
(0.0000000 0.0000000 0.0000000),812
(0.0000000 0.0000000 0.0000000),813
(0.0000000 0.0000000 0.0000000),814
(0.0000000 0.0000000 0.0000000),815
(0.0000000 0.0000000 0.0000000),816
(0.0000000 0.0000000 0.0000000),817
(0.0000000 0.0000000 0.0000000),818
(0.0000000 0.0000000 0.0000000),819
(0.0000000 0.0000000 0.0000000),820
(0.0000000 0.0000000 0.0000000),821
(0.0000000 0.0000000 0.0000000),822
(0.0000000 0.0000000 0.0000000),823
(0.0000000 0.0000000 0.0000000),824
(0.0000000 0.0000000 0.0000000),825
(0.0000000 0.0000000 0.0000000),826
(0.0000000 0.0000000 0.0000000),827
(0.0000000 0.0000000 0.0000000),828
(0.0000000 0.0000000 0.0000000),829
(0.0000000 0.0000000 0.0000000),830
(0.0000000 0.0000000 0.0000000),831
(0.0000000 0.0000000 0.0000000),832
(0.0000000 0.0000000 0.0000000),833
(0.0000000 0.0000000 0.0000000),834
(0.0000000 0.0000000 0.0000000),835
(0.0000000 0.0000000 0.0000000),836
(0.0000000 0.0000000 0.0000000),837
(0.0000000 0.0000000 0.0000000),838
(0.0000000 0.0000000 0.0000000),839
(0.0000000 0.0000000 0.0000000),840
(0.0000000 0.0000000 0.0000000),841
(0.0000000 0.0000000 0.0000000),842
(0.0000000 0.0000000 0.0000000),843
(0.0000000 0.0000000 0.0000000),844
(0.0000000 0.0000000 0.0000000),845
(0.0000000 0.0000000 0.0000000),846
(0.0000000 0.0000000 0.0000000),847
(0.0000000 0.0000000 0.0000000),848
(0.0000000 0.0000000 0.0000000),849
(0.0000000 0.0000000 0.0000000),850
(0.0000000 0.0000000 0.0000000),851
(0.0000000 0.0000000 0.0000000),852
(0.0000000 0.0000000 0.0000000),853
(0.0000000 0.0000000 0.0000000),854
(0.0000000 0.0000000 0.0000000),855
(0.0000000 0.0000000 0.0000000),856
(0.0000000 0.0000000 0.0000000),857
(0.0000000 0.0000000 0.0000000),858
(0.0000000 0.0000000 0.0000000),859
(0.0000000 0.0000000 0.0000000),860
(0.0000000 0.0000000 0.0000000),861
(0.0000000 0.0000000 0.0000000),862
(0.0000000 0.0000000 0.0000000),863
(0.0000000 0.0000000 0.0000000),864
(0.0000000 0.0000000 0.0000000),865
(0.0000000 0.0000000 0.0000000),866
(0.0000000 0.0000000 0.0000000),867
(0.0000000 0.0000000 0.0000000),868
(0.0000000 0.0000000 0.0000000),869
(0.0000000 0.0000000 0.0000000),870
(0.0000000 0.0000000 0.0000000),871
(0.0000000 0.0000000 0.0000000),872
(0.0000000 0.0000000 0.0000000),873
(0.0000000 0.0000000 0.0000000),874
(0.0000000 0.0000000 0.0000000),875
(0.0000000 0.0000000 0.0000000),876
(0.0000000 0.0000000 0.0000000),877
(0.0000000 0.0000000 0.0000000),878
(0.0000000 0.0000000 0.0000000),879
(0.0000000 0.0000000 0.0000000),880
(0.0000000 0.0000000 0.0000000),881
(0.0000000 0.0000000 0.0000000),882
(0.0000000 0.0000000 0.0000000),883
(0.0000000 0.0000000 0.0000000),884
(0.0000000 0.0000000 0.0000000),885
(0.0000000 0.0000000 0.0000000),886
(0.0000000 0.0000000 0.0000000),887
(0.0000000 0.0000000 0.0000000),888
(0.0000000 0.0000000 0.0000000),889
(0.0000000 0.0000000 0.0000000),890
(0.0000000 0.0000000 0.0000000),891
(0.0000000 0.0000000 0.0000000),892
(0.0000000 0.0000000 0.0000000),893
(0.0000000 0.0000000 0.0000000),894
(0.0000000 0.0000000 0.0000000),895
(0.0000000 0.0000000 0.0000000),896
(0.0000000 0.0000000 0.0000000),897
(0.0000000 0.0000000 0.0000000),898
(0.0000000 0.0000000 0.0000000),899
(0.0000000 0.0000000 0.0000000),900
(0.0000000 0.0000000 0.0000000),901
(0.0000000 0.0000000 0.0000000),902
(0.0000000 0.0000000 0.0000000),903
(0.0000000 0.0000000 0.0000000),904
(0.0000000 0.0000000 0.0000000),905
(0.0000000 0.0000000 0.0000000),906
(0.0000000 0.0000000 0.0000000),907
(0.0000000 0.0000000 0.0000000),908
(0.0000000 0.0000000 0.0000000),909
(0.0000000 0.0000000 0.0000000),910
(0.0000000 0.0000000 0.0000000),911
(0.0000000 0.0000000 0.0000000),912
(0.0000000 0.0000000 0.0000000),913
(0.0000000 0.0000000 0.0000000),914
(0.0000000 0.0000000 0.0000000),915
(0.0000000 0.0000000 0.0000000),916
(0.0000000 0.0000000 0.0000000),917
(0.0000000 0.0000000 0.0000000),918
(0.0000000 0.0000000 0.0000000),919
(0.0000000 0.0000000 0.0000000),920
(0.0000000 0.0000000 0.0000000),921
(0.0000000 0.0000000 0.0000000),922
(0.0000000 0.0000000 0.0000000),923
(0.0000000 0.0000000 0.0000000),924
(0.0000000 0.0000000 0.0000000),925
(0.0000000 0.0000000 0.0000000),926
(0.0000000 0.0000000 0.0000000),927
(0.0000000 0.0000000 0.0000000),928
(0.0000000 0.0000000 0.0000000),929
(0.0000000 0.0000000 0.0000000),930
(0.0000000 0.0000000 0.0000000),931
(0.0000000 0.0000000 0.0000000),932
(0.0000000 0.0000000 0.0000000),933
(0.0000000 0.0000000 0.0000000),934
(0.0000000 0.0000000 0.0000000),935
(0.0000000 0.0000000 0.0000000),936
(0.0000000 0.0000000 0.0000000),937
(0.0000000 0.0000000 0.0000000),938
(0.0000000 0.0000000 0.0000000),939
(0.0000000 0.0000000 0.0000000),940
(0.0000000 0.0000000 0.0000000),941
(0.0000000 0.0000000 0.0000000),942
(0.0000000 0.0000000 0.0000000),943
(0.0000000 0.0000000 0.0000000),944
(0.0000000 0.0000000 0.0000000),945
(0.0000000 0.0000000 0.0000000),946
(0.0000000 0.0000000 0.0000000),947
(0.0000000 0.0000000 0.0000000),948
(0.0000000 0.0000000 0.0000000),949
(0.0000000 0.0000000 0.0000000),950
(0.0000000 0.0000000 0.0000000),951
(0.0000000 0.0000000 0.0000000),952
(0.0000000 0.0000000 0.0000000),953
(0.0000000 0.0000000 0.0000000),954
(0.0000000 0.0000000 0.0000000),955
(0.0000000 0.0000000 0.0000000),956
(0.0000000 0.0000000 0.0000000),957
(0.0000000 0.0000000 0.0000000),958
(0.0000000 0.0000000 0.0000000),959
(0.0000000 0.0000000 0.0000000),960
(0.0000000 0.0000000 0.0000000),961
(0.0000000 0.0000000 0.0000000),962
(0.0000000 0.0000000 0.0000000),963
(0.0000000 0.0000000 0.0000000),964
(0.0000000 0.0000000 0.0000000),965
(0.0000000 0.0000000 0.0000000),966
(0.0000000 0.0000000 0.0000000),967
(0.0000000 0.0000000 0.0000000),968
(0.0000000 0.0000000 0.0000000),969
(0.0000000 0.0000000 0.0000000),970
(0.0000000 0.0000000 0.0000000),971
(0.0000000 0.0000000 0.0000000),972
(0.0000000 0.0000000 0.0000000),973
(0.0000000 0.0000000 0.0000000),974
(0.0000000 0.0000000 0.0000000),975
(0.0000000 0.0000000 0.0000000),976
(0.0000000 0.0000000 0.0000000),977
(0.0000000 0.0000000 0.0000000),978
(0.0000000 0.0000000 0.0000000),979
(0.0000000 0.0000000 0.0000000),980
(0.0000000 0.0000000 0.0000000),981
(0.0000000 0.0000000 0.0000000),982
(0.0000000 0.0000000 0.0000000),983
(0.0000000 0.0000000 0.0000000),984
(0.0000000 0.0000000 0.0000000),985
(0.0000000 0.0000000 0.0000000),986
(0.0000000 0.0000000 0.0000000),987
(0.0000000 0.0000000 0.0000000),988
(0.0000000 0.0000000 0.0000000),989
(0.0000000 0.0000000 0.0000000),990
(0.0000000 0.0000000 0.0000000),991
(0.0000000 0.0000000 0.0000000),992
(0.0000000 0.0000000 0.0000000),993
(0.0000000 0.0000000 0.0000000),994
(0.0000000 0.0000000 0.0000000),995
(0.0000000 0.0000000 0.0000000),996
(0.0000000 0.0000000 0.0000000),997
(0.0000000 0.0000000 0.0000000),998
(0.0000000 0.0000000 0.0000000),999
(0.0000000 0.0000000 0.0000000),1000
(0.0000000 0.0000000 0.0000000),1001
(0.0000000 0.0000000 0.0000000),1002
(0.0000000 0.0000000 0.0000000),1003
(0.0000000 0.0000000 0.0000000),1004
(0.0000000 0.0000000 0.0000000),1005
(0.0000000 0.0000000 0.0000000),1006
(0.0000000 0.0000000 0.0000000),1007
(0.0000000 0.0000000 0.0000000),1008
(0.0000000 0.0000000 0.0000000),1009
(0.0000000 0.0000000 0.0000000),1010
(0.0000000 0.0000000 0.0000000),1011
(0.0000000 0.0000000 0.0000000),1012
(0.0000000 0.0000000 0.0000000),1013
(0.0000000 0.0000000 0.0000000),1014
(0.0000000 0.0000000 0.0000000),1015
(0.0000000 0.0000000 0.0000000),1016
(0.0000000 0.0000000 0.0000000),1017
(0.0000000 0.0000000 0.0000000),1018
(0.0000000 0.0000000 0.0000000),1019
(0.0000000 0.0000000 0.0000000),1020
(0.0000000 0.0000000 0.0000000),1021
(0.0000000 0.0000000 0.0000000),1022
(0.0000000 0.0000000 0.0000000),1023
(0.0000000 0.0000000 0.0000000),1024
(0.0000000 0.0000000 0.0000000),1025
(0.0000000 0.0000000 0.0000000),1026
(0.0000000 0.0000000 0.0000000),1027
(0.0000000 0.0000000 0.0000000),1028
(0.0000000 0.0000000 0.0000000),1029
(0.0000000 0.0000000 0.0000000),1030
(0.0000000 0.0000000 0.0000000),1031
(0.0000000 0.0000000 0.0000000),1032
(0.0000000 0.0000000 0.0000000),1033
(0.0000000 0.0000000 0.0000000),1034
(0.0000000 0.0000000 0.0000000),1035
(0.0000000 0.0000000 0.0000000),1036
(0.0000000 0.0000000 0.0000000),1037
(0.0000000 0.0000000 0.0000000),1038
(0.0000000 0.0000000 0.0000000),1039
(0.0000000 0.0000000 0.0000000),1040
(0.0000000 0.0000000 0.0000000),1041
(0.0000000 0.0000000 0.0000000),1042
(0.0000000 0.0000000 0.0000000),1043
(0.0000000 0.0000000 0.0000000),1044
(0.0000000 0.0000000 0.0000000),1045
(0.0000000 0.0000000 0.0000000),1046
(0.0000000 0.0000000 0.0000000),1047
(0.0000000 0.0000000 0.0000000),1048
(0.0000000 0.0000000 0.0000000),1049
(0.0000000 0.0000000 0.0000000),1050
(0.0000000 0.0000000 0.0000000),1051
(0.0000000 0.0000000 0.0000000),1052
(0.0000000 0.0000000 0.0000000),1053
(0.0000000 0.0000000 0.0000000),1054
(0.0000000 0.0000000 0.0000000),1055
(0.0000000 0.0000000 0.0000000),1056
(0.0000000 0.0000000 0.0000000),1057
(0.0000000 0.0000000 0.0000000),1058
(0.0000000 0.0000000 0.0000000),1059
(0.0000000 0.0000000 0.0000000),1060
(0.0000000 0.0000000 0.0000000),1061
(0.0000000 0.0000000 0.0000000),1062
(0.0000000 0.0000000 0.0000000),1063
(0.0000000 0.0000000 0.0000000),1064
(0.0000000 0.0000000 0.0000000),1065
(0.0000000 0.0000000 0.0000000),1066
(0.0000000 0.0000000 0.0000000),1067
(0.0000000 0.0000000 0.0000000),1068
(0.0000000 0.0000000 0.0000000),1069
(0.0000000 0.0000000 0.0000000),1070
(0.0000000 0.0000000 0.0000000),1071
(0.0000000 0.0000000 0.0000000),1072
(0.0000000 0.0000000 0.0000000),1073
(0.0000000 0.0000000 0.0000000),1074
(0.0000000 0.0000000 0.0000000),1075
(0.0000000 0.0000000 0.0000000),1076
(0.0000000 0.0000000 0.0000000),1077
(0.0000000 0.0000000 0.0000000),1078
(0.0000000 0.0000000 0.0000000),1079
(0.0000000 0.0000000 0.0000000),1080
(0.0000000 0.0000000 0.0000000),1081
(0.0000000 0.0000000 0.0000000),1082
(0.0000000 0.0000000 0.0000000),1083
(0.0000000 0.0000000 0.0000000),1084
(0.0000000 0.0000000 0.0000000),1085
(0.0000000 0.0000000 0.0000000),1086
(0.0000000 0.0000000 0.0000000),1087
(0.0000000 0.0000000 0.0000000),1088
(0.0000000 0.0000000 0.0000000),1089
(0.0000000 0.0000000 0.0000000),1090
(0.0000000 0.0000000 0.0000000),1091
(0.0000000 0.0000000 0.0000000),1092
(0.0000000 0.0000000 0.0000000),1093
(0.0000000 0.0000000 0.0000000),1094
(0.0000000 0.0000000 0.0000000),1095
(0.0000000 0.0000000 0.0000000),1096
(0.0000000 0.0000000 0.0000000),1097
(0.0000000 0.0000000 0.0000000),1098
(0.0000000 0.0000000 0.0000000),1099
(0.0000000 0.0000000 0.0000000),1100
(0.0000000 0.0000000 0.0000000),1101
(0.0000000 0.0000000 0.0000000),1102
(0.0000000 0.0000000 0.0000000),1103
(0.0000000 0.0000000 0.0000000),1104
(0.0000000 0.0000000 0.0000000),1105
(0.0000000 0.0000000 0.0000000),1106
(0.0000000 0.0000000 0.0000000),1107
(0.0000000 0.0000000 0.0000000),1108
(0.0000000 0.0000000 0.0000000),1109
(0.0000000 0.0000000 0.0000000),1110
(0.0000000 0.0000000 0.0000000),1111
(0.0000000 0.0000000 0.0000000),1112
(0.0000000 0.0000000 0.0000000),1113
(0.0000000 0.0000000 0.0000000),1114
(0.0000000 0.0000000 0.0000000),1115
(0.0000000 0.0000000 0.0000000),1116
(0.0000000 0.0000000 0.0000000),1117
(0.0000000 0.0000000 0.0000000),1118
(0.0000000 0.0000000 0.0000000),1119
(0.0000000 0.0000000 0.0000000),1120
(0.0000000 0.0000000 0.0000000),1121
(0.0000000 0.0000000 0.0000000),1122
(0.0000000 0.0000000 0.0000000),1123
(0.0000000 0.0000000 0.0000000),1124
(0.0000000 0.0000000 0.0000000),1125
(0.0000000 0.0000000 0.0000000),1126
(0.0000000 0.0000000 0.0000000),1127
(0.0000000 0.0000000 0.0000000),1128
(0.0000000 0.0000000 0.0000000),1129
(0.0000000 0.0000000 0.0000000),1130
(0.0000000 0.0000000 0.0000000),1131
(0.0000000 0.0000000 0.0000000),1132
(0.0000000 0.0000000 0.0000000),1133
(0.0000000 0.0000000 0.0000000),1134
(0.0000000 0.0000000 0.0000000),1135
(0.0000000 0.0000000 0.0000000),1136
(0.0000000 0.0000000 0.0000000),1137
(0.0000000 0.0000000 0.0000000),1138
(0.0000000 0.0000000 0.0000000),1139
(0.0000000 0.0000000 0.0000000),1140
(0.0000000 0.0000000 0.0000000),1141
(0.0000000 0.0000000 0.0000000),1142
(0.0000000 0.0000000 0.0000000),1143
(0.0000000 0.0000000 0.0000000),1144
(0.0000000 0.0000000 0.0000000),1145
(0.0000000 0.0000000 0.0000000),1146
(0.0000000 0.0000000 0.0000000),1147
(0.0000000 0.0000000 0.0000000),1148
(0.0000000 0.0000000 0.0000000),1149
(0.0000000 0.0000000 0.0000000),1150
(0.0000000 0.0000000 0.0000000),1151
(0.0000000 0.0000000 0.0000000),1152
(0.0000000 0.0000000 0.0000000),1153
(0.0000000 0.0000000 0.0000000),1154
(0.0000000 0.0000000 0.0000000),1155
(0.0000000 0.0000000 0.0000000),1156
(0.0000000 0.0000000 0.0000000),1157
(0.0000000 0.0000000 0.0000000),1158
(0.0000000 0.0000000 0.0000000),1159
(0.0000000 0.0000000 0.0000000),1160
(0.0000000 0.0000000 0.0000000),1161
(0.0000000 0.0000000 0.0000000),1162
(0.0000000 0.0000000 0.0000000),1163
(0.0000000 0.0000000 0.0000000),1164
(0.0000000 0.0000000 0.0000000),1165
(0.0000000 0.0000000 0.0000000),1166
(0.0000000 0.0000000 0.0000000),1167
(0.0000000 0.0000000 0.0000000),1168
(0.0000000 0.0000000 0.0000000),1169
(0.0000000 0.0000000 0.0000000),1170
(0.0000000 0.0000000 0.0000000),1171
(0.0000000 0.0000000 0.0000000),1172
(0.0000000 0.0000000 0.0000000),1173
(0.0000000 0.0000000 0.0000000),1174
(0.0000000 0.0000000 0.0000000),1175
(0.0000000 0.0000000 0.0000000),1176
(0.0000000 0.0000000 0.0000000),1177
(0.0000000 0.0000000 0.0000000),1178
(0.0000000 0.0000000 0.0000000),1179
(0.0000000 0.0000000 0.0000000),1180
(0.0000000 0.0000000 0.0000000),1181
(0.0000000 0.0000000 0.0000000),1182
(0.0000000 0.0000000 0.0000000),1183
(0.0000000 0.0000000 0.0000000),1184
(0.0000000 0.0000000 0.0000000),1185
(0.0000000 0.0000000 0.0000000),1186
(0.0000000 0.0000000 0.0000000),1187
(0.0000000 0.0000000 0.0000000),1188
(0.0000000 0.0000000 0.0000000),1189
(0.0000000 0.0000000 0.0000000),1190
(0.0000000 0.0000000 0.0000000),1191
(0.0000000 0.0000000 0.0000000),1192
(0.0000000 0.0000000 0.0000000),1193
(0.0000000 0.0000000 0.0000000),1194
(0.0000000 0.0000000 0.0000000),1195
(0.0000000 0.0000000 0.0000000),1196
(0.0000000 0.0000000 0.0000000),1197
(0.0000000 0.0000000 0.0000000),1198
(0.0000000 0.0000000 0.0000000),1199
(0.0000000 0.0000000 0.0000000),1200
(0.0000000 0.0000000 0.0000000),1201
(0.0000000 0.0000000 0.0000000),1202
(0.0000000 0.0000000 0.0000000),1203
(0.0000000 0.0000000 0.0000000),1204
(0.0000000 0.0000000 0.0000000),1205
(0.0000000 0.0000000 0.0000000),1206
(0.0000000 0.0000000 0.0000000),1207
(0.0000000 0.0000000 0.0000000),1208
(0.0000000 0.0000000 0.0000000),1209
(0.0000000 0.0000000 0.0000000),1210
(0.0000000 0.0000000 0.0000000),1211
(0.0000000 0.0000000 0.0000000),1212
(0.0000000 0.0000000 0.0000000),1213
(0.0000000 0.0000000 0.0000000),1214
(0.0000000 0.0000000 0.0000000),1215
(0.0000000 0.0000000 0.0000000),1216
(0.0000000 0.0000000 0.0000000),1217
(0.0000000 0.0000000 0.0000000),1218
(0.0000000 0.0000000 0.0000000),1219
(0.0000000 0.0000000 0.0000000),1220
(0.0000000 0.0000000 0.0000000),1221
(0.0000000 0.0000000 0.0000000),1222
(0.0000000 0.0000000 0.0000000),1223
(0.0000000 0.0000000 0.0000000),1224
(0.0000000 0.0000000 0.0000000),1225
(0.0000000 0.0000000 0.0000000),1226
(0.0000000 0.0000000 0.0000000),1227
(0.0000000 0.0000000 0.0000000),1228
(0.0000000 0.0000000 0.0000000),1229
(0.0000000 0.0000000 0.0000000),1230
(0.0000000 0.0000000 0.0000000),1231
(0.0000000 0.0000000 0.0000000),1232
(0.0000000 0.0000000 0.0000000),1233
(0.0000000 0.0000000 0.0000000),1234
(0.0000000 0.0000000 0.0000000),1235
(0.0000000 0.0000000 0.0000000),1236
(0.0000000 0.0000000 0.0000000),1237
(0.0000000 0.0000000 0.0000000),1238
(0.0000000 0.0000000 0.0000000),1239
(0.0000000 0.0000000 0.0000000),1240
(0.0000000 0.0000000 0.0000000),1241
(0.0000000 0.0000000 0.0000000),1242
(0.0000000 0.0000000 0.0000000),1243
(0.0000000 0.0000000 0.0000000),1244
(0.0000000 0.0000000 0.0000000),1245
(0.0000000 0.0000000 0.0000000),1246
(0.0000000 0.0000000 0.0000000),1247
(0.0000000 0.0000000 0.0000000),1248
(0.0000000 0.0000000 0.0000000),1249
(0.0000000 0.0000000 0.0000000),1250
(0.0000000 0.0000000 0.0000000),1251
(0.0000000 0.0000000 0.0000000),1252
(0.0000000 0.0000000 0.0000000),1253
(0.0000000 0.0000000 0.0000000),1254
(0.0000000 0.0000000 0.0000000),1255
(0.0000000 0.0000000 0.0000000),1256
(0.0000000 0.0000000 0.0000000),1257
(0.0000000 0.0000000 0.0000000),1258
(0.0000000 0.0000000 0.0000000),1259
(0.0000000 0.0000000 0.0000000),1260
(0.0000000 0.0000000 0.0000000),1261
(0.0000000 0.0000000 0.0000000),1262
(0.0000000 0.0000000 0.0000000),1263
(0.0000000 0.0000000 0.0000000),1264
(0.0000000 0.0000000 0.0000000),1265
(0.0000000 0.0000000 0.0000000),1266
(0.0000000 0.0000000 0.0000000),1267
(0.0000000 0.0000000 0.0000000),1268
(0.0000000 0.0000000 0.0000000),1269
(0.0000000 0.0000000 0.0000000),1270
(0.0000000 0.0000000 0.0000000),1271
(0.0000000 0.0000000 0.0000000),1272
(0.0000000 0.0000000 0.0000000),1273
(0.0000000 0.0000000 0.0000000),1274
(0.0000000 0.0000000 0.0000000),1275
(0.0000000 0.0000000 0.0000000),1276
(0.0000000 0.0000000 0.0000000),1277
(0.0000000 0.0000000 0.0000000),1278
(0.0000000 0.0000000 0.0000000),1279
(0.0000000 0.0000000 0.0000000),1280
(0.0000000 0.0000000 0.0000000),1281
(0.0000000 0.0000000 0.0000000),1282
(0.0000000 0.0000000 0.0000000),1283
(0.0000000 0.0000000 0.0000000),1284
(0.0000000 0.0000000 0.0000000),1285
(0.0000000 0.0000000 0.0000000),1286
(0.0000000 0.0000000 0.0000000),1287
(0.0000000 0.0000000 0.0000000),1288
(0.0000000 0.0000000 0.0000000),1289
(0.0000000 0.0000000 0.0000000),1290
(0.0000000 0.0000000 0.0000000),1291
(0.0000000 0.0000000 0.0000000),1292
(0.0000000 0.0000000 0.0000000),1293
(0.0000000 0.0000000 0.0000000),1294
(0.0000000 0.0000000 0.0000000),1295
(0.0000000 0.0000000 0.0000000),1296
(0.0000000 0.0000000 0.0000000),1297
(0.0000000 0.0000000 0.0000000),1298
(0.0000000 0.0000000 0.0000000),1299
(0.0000000 0.0000000 0.0000000),1300
(0.0000000 0.0000000 0.0000000),1301
(0.0000000 0.0000000 0.0000000),1302
(0.0000000 0.0000000 0.0000000),1303
(0.0000000 0.0000000 0.0000000),1304
(0.0000000 0.0000000 0.0000000),1305
(0.0000000 0.0000000 0.0000000),1306
(0.0000000 0.0000000 0.0000000),1307
(0.0000000 0.0000000 0.0000000),1308
(0.0000000 0.0000000 0.0000000),1309
(0.0000000 0.0000000 0.0000000),1310
(0.0000000 0.0000000 0.0000000),1311
(0.0000000 0.0000000 0.0000000),1312
(0.0000000 0.0000000 0.0000000),1313
(0.0000000 0.0000000 0.0000000),1314
(0.0000000 0.0000000 0.0000000),1315
(0.0000000 0.0000000 0.0000000),1316
(0.0000000 0.0000000 0.0000000),1317
(0.0000000 0.0000000 0.0000000),1318
(0.0000000 0.0000000 0.0000000),1319
(0.0000000 0.0000000 0.0000000),1320
(0.0000000 0.0000000 0.0000000),1321
(0.0000000 0.0000000 0.0000000),1322
(0.0000000 0.0000000 0.0000000),1323
(0.0000000 0.0000000 0.0000000),1324
(0.0000000 0.0000000 0.0000000),1325
(0.0000000 0.0000000 0.0000000),1326
(0.0000000 0.0000000 0.0000000),1327
(0.0000000 0.0000000 0.0000000),1328
(0.0000000 0.0000000 0.0000000),1329
(0.0000000 0.0000000 0.0000000),1330
(0.0000000 0.0000000 0.0000000),1331
(0.0000000 0.0000000 0.0000000),1332
(0.0000000 0.0000000 0.0000000),1333
(0.0000000 0.0000000 0.0000000),1334
(0.0000000 0.0000000 0.0000000),1335
(0.0000000 0.0000000 0.0000000),1336
(0.0000000 0.0000000 0.0000000),1337
(0.0000000 0.0000000 0.0000000),1338
(0.0000000 0.0000000 0.0000000),1339
(0.0000000 0.0000000 0.0000000),1340
(0.0000000 0.0000000 0.0000000),1341
(0.0000000 0.0000000 0.0000000),1342
(0.0000000 0.0000000 0.0000000),1343
(0.0000000 0.0000000 0.0000000),1344
(0.0000000 0.0000000 0.0000000),1345
(0.0000000 0.0000000 0.0000000),1346
(0.0000000 0.0000000 0.0000000),1347
(0.0000000 0.0000000 0.0000000),1348
(0.0000000 0.0000000 0.0000000),1349
(0.0000000 0.0000000 0.0000000),1350
(0.0000000 0.0000000 0.0000000),1351
(0.0000000 0.0000000 0.0000000),1352
(0.0000000 0.0000000 0.0000000),1353
(0.0000000 0.0000000 0.0000000),1354
(0.0000000 0.0000000 0.0000000),1355
(0.0000000 0.0000000 0.0000000),1356
(0.0000000 0.0000000 0.0000000),1357
(0.0000000 0.0000000 0.0000000),1358
(0.0000000 0.0000000 0.0000000),1359
(0.0000000 0.0000000 0.0000000),1360
(0.0000000 0.0000000 0.0000000),1361
(0.0000000 0.0000000 0.0000000),1362
(0.0000000 0.0000000 0.0000000),1363
(0.0000000 0.0000000 0.0000000),1364
(0.0000000 0.0000000 0.0000000),1365
(0.0000000 0.0000000 0.0000000),1366
(0.0000000 0.0000000 0.0000000),1367
(0.0000000 0.0000000 0.0000000),1368
(0.0000000 0.0000000 0.0000000),1369
(0.0000000 0.0000000 0.0000000),1370
(0.0000000 0.0000000 0.0000000),1371
(0.0000000 0.0000000 0.0000000),1372
(0.0000000 0.0000000 0.0000000),1373
(0.0000000 0.0000000 0.0000000),1374
(0.0000000 0.0000000 0.0000000),1375
(0.0000000 0.0000000 0.0000000),1376
(0.0000000 0.0000000 0.0000000),1377
(0.0000000 0.0000000 0.0000000),1378
(0.0000000 0.0000000 0.0000000),1379
(0.0000000 0.0000000 0.0000000),1380
(0.0000000 0.0000000 0.0000000),1381
(0.0000000 0.0000000 0.0000000),1382
(0.0000000 0.0000000 0.0000000),1383
(0.0000000 0.0000000 0.0000000),1384
(0.0000000 0.0000000 0.0000000),1385
(0.0000000 0.0000000 0.0000000),1386
(0.0000000 0.0000000 0.0000000),1387
(0.0000000 0.0000000 0.0000000),1388
(0.0000000 0.0000000 0.0000000),1389
(0.0100000 0.0000000 0.0000000),1390
(0.0100000 0.0000000 0.0000000),1391
(0.0300000 0.0000000 0.0000000),1392
(0.0500000 0.0000000 0.0000000),1393
(0.1100000 0.0000000 0.0000000),1394
(0.1500000 0.0000000 0.0000000),1395
(0.1900000 0.0000000 0.0000000),1396
(0.2400000 0.0000000 0.0000000),1397
(0.2900000 0.0000000 0.0000000),1398
(0.3600000 0.0000000 0.0000000),1399
(0.4500000 0.0000000 0.0000000),1400
(0.5300000 0.0000000 0.0000000),1401
(0.6200000 0.0000000 0.0000000),1402
(0.7200000 0.0000000 0.0000000),1403
(0.8100000 0.0000000 0.0000000),1404
(0.9100000 0.0000000 0.0000000),1405
(1.0200000 0.0000000 0.0000000),1406
(1.1100000 0.0000000 0.0000000),1407
(1.2100000 0.0000000 0.0000000),1408
(1.3120000 0.0000000 0.0000000),1409
(1.4110000 0.0000000 0.0000000),1410
(1.4830000 0.0000000 0.0000000),1411
(1.6020000 0.0000000 0.0000000),1412
(1.7350000 0.0000000 0.0000000),1413
(1.8410000 0.0000000 0.0000000),1414
(1.9460000 0.0000000 0.0000000),1415
(2.0520000 0.0000000 0.0000000),1416
(2.2040000 0.0000000 0.0000000),1417
(2.4960000 0.0000000 0.0000000),1418
(2.5630000 0.0000000 0.0000000),1419
(2.6230000 0.0000000 0.0000000),1420
(2.6820000 0.0000000 0.0000000),1421
(2.7290000 0.0000000 0.0000000),1422
(2.7810000 0.0000000 0.0000000),1423
(2.8340000 0.0000000 0.0000000),1424
(2.8670000 0.0000000 0.0000000),1425
(2.9120000 0.0000000 0.0000000),1426
(2.9520000 0.0000000 0.0000000),1427
(2.9980000 0.0000000 0.0000000),1428
(3.0510000 0.0000000 0.0000000),1429
(3.0710000 0.0000000 0.0000000),1430
(3.1230000 0.0000000 0.0000000),1431
(3.1630000 0.0000000 0.0000000),1432
(3.2150000 0.0000000 0.0000000),1433
(3.2490000 0.0000000 0.0000000),1434
(3.2880000 0.0000000 0.0000000),1435
(3.3210000 0.0000000 0.0000000),1436
(3.3740000 0.0000000 0.0000000),1437
(3.4400000 0.0000000 0.0000000),1438
(3.5260000 0.0000000 0.0000000),1439
(3.5730000 0.0000000 0.0000000),1440
(3.6250000 0.0000000 0.0000000),1441
(3.7850000 0.0000000 0.0000000),1442
(3.8380000 0.0000000 0.0000000),1443
(3.8850000 0.0000000 0.0000000),1444
(3.9180000 0.0000000 0.0000000),1445
(3.9650000 0.0000000 0.0000000),1446
(3.9840000 0.0000000 0.0000000),1447
(4.0110000 0.0000000 0.0000000),1448
(4.0110000 0.0000000 0.0000000),1449
(4.0250000 0.0000000 0.0000000),1450
(4.0250000 0.0000000 0.0000000),1451
(4.0250000 0.0000000 0.0000000),1452
(4.0250000 0.0000000 0.0000000),1453
(4.0250000 0.0000000 0.0000000),1454
(4.0250000 0.0000000 0.0000000),1455
(4.0250000 0.0000000 0.0000000),1456
(4.0250000 0.0000000 0.0000000),1457
(4.0250000 0.0000000 0.0000000),1458
(4.0250000 0.0000000 0.0000000),1459
(4.0250000 0.0000000 0.0000000),1460
(4.0250000 0.0000000 0.0000000),1461
(4.0250000 0.0000000 0.0000000),1462
(4.0250000 0.0000000 0.0000000),1463
(4.0250000 0.0000000 0.0000000),1464
(4.0110000 0.0000000 0.0000000),1465
(3.9980000 0.0000000 0.0000000),1466
(3.9650000 0.0000000 0.0000000),1467
(3.9120000 0.0000000 0.0000000),1468
(3.8530000 0.0000000 0.0000000),1469
(3.7810000 0.0000000 0.0000000),1470
(3.6950000 0.0000000 0.0000000),1471
(3.6090000 0.0000000 0.0000000),1472
(3.4780000 0.0000000 0.0000000),1473
(3.0750000 0.0000000 0.0000000),1474
(2.8970000 0.0000000 0.0000000),1475
(2.7590000 0.0000000 0.0000000),1476
(2.6000000 0.0000000 0.0000000),1477
(2.4230000 0.0000000 0.0000000),1478
(2.2700000 0.0000000 0.0000000),1479
(2.1000000 0.0000000 0.0000000),1480
(1.9280000 0.0000000 0.0000000),1481
(1.7700000 0.0000000 0.0000000),1482
(1.6120000 0.0000000 0.0000000),1483
(1.4530000 0.0000000 0.0000000),1484
(1.2760000 0.0000000 0.0000000),1485
(1.1040000 0.0000000 0.0000000),1486
(0.9600000 0.0000000 0.0000000),1487
(0.7900000 0.0000000 0.0000000),1488
(0.6800000 0.0000000 0.0000000),1489
(0.5300000 0.0000000 0.0000000),1490
(0.4200000 0.0000000 0.0000000),1491
(0.3100000 0.0000000 0.0000000),1492
(0.2000000 0.0000000 0.0000000),1493
(0.1100000 0.0000000 0.0000000),1494
(0.0400000 0.0000000 0.0000000),1495
(-0.0400000 0.0000000 0.0000000),1496
(-0.0900000 0.0000000 0.0000000),1497
(-0.1400000 0.0000000 0.0000000),1498
(-0.1600000 0.0000000 0.0000000),1499
(-0.1900000 0.0000000 0.0000000),1500
(-0.1900000 0.0000000 0.0000000),1501
(-0.1900000 0.0000000 0.0000000),1502
(-0.1900000 0.0000000 0.0000000),1503
(-0.1900000 0.0000000 0.0000000),1504
(-0.1900000 0.0000000 0.0000000),1505
(-0.1900000 0.0000000 0.0000000),1506
(-0.1900000 0.0000000 0.0000000),1507
(-0.1900000 0.0000000 0.0000000),1508
(-0.1900000 0.0000000 0.0000000),1509
(-0.1900000 0.0000000 0.0000000),1510
(-0.1900000 0.0000000 0.0000000),1511
(-0.1900000 0.0000000 0.0000000),1512
(-0.1900000 0.0000000 0.0000000),1513
(-0.1900000 0.0000000 0.0000000),1514
(-0.1900000 0.0000000 0.0000000),1515
(-0.1900000 0.0000000 0.0000000),1516
(-0.1900000 0.0000000 0.0000000),1517
(-0.1800000 0.0000000 0.0000000),1518
(-0.1400000 0.0000000 0.0000000),1519
(-0.0800000 0.0000000 0.0000000),1520
(-0.0100000 0.0000000 0.0000000),1521
(0.1600000 0.0000000 0.0000000),1522
(0.2500000 0.0000000 0.0000000),1523
(0.3700000 0.0000000 0.0000000),1524
(0.5100000 0.0000000 0.0000000),1525
(0.6700000 0.0000000 0.0000000),1526
(0.8300000 0.0000000 0.0000000),1527
(1.0000000 0.0000000 0.0000000),1528
(1.1700000 0.0000000 0.0000000),1529
(1.4200000 0.0000000 0.0000000),1530
(2.1170000 0.0000000 0.0000000),1531
(2.3760000 0.0000000 0.0000000),1532
(2.6080000 0.0000000 0.0000000),1533
(2.8540000 0.0000000 0.0000000),1534
(3.1190000 0.0000000 0.0000000),1535
(3.3510000 0.0000000 0.0000000),1536
(3.5830000 0.0000000 0.0000000),1537
(3.9210000 0.0000000 0.0000000),1538
(4.1380000 0.0000000 0.0000000),1539
(4.3630000 0.0000000 0.0000000),1540
(4.5740000 0.0000000 0.0000000),1541
(4.7850000 0.0000000 0.0000000),1542
(5.0090000 0.0000000 0.0000000),1543
(5.2140000 0.0000000 0.0000000),1544
(5.3860000 0.0000000 0.0000000),1545
(5.5780000 0.0000000 0.0000000),1546
(5.7300000 0.0000000 0.0000000),1547
(5.8420000 0.0000000 0.0000000),1548
(5.9470000 0.0000000 0.0000000),1549
(6.0330000 0.0000000 0.0000000),1550
(6.1050000 0.0000000 0.0000000),1551
(6.1640000 0.0000000 0.0000000),1552
(6.2030000 0.0000000 0.0000000),1553
(6.2230000 0.0000000 0.0000000),1554
(6.2420000 0.0000000 0.0000000),1555
(6.2480000 0.0000000 0.0000000),1556
(6.2680000 0.0000000 0.0000000),1557
(6.2600000 0.0000000 0.0000000),1558
(6.2600000 0.0000000 0.0000000),1559
(6.2470000 0.0000000 0.0000000),1560
(6.2330000 0.0000000 0.0000000),1561
(6.2200000 0.0000000 0.0000000),1562
(6.2060000 0.0000000 0.0000000),1563
(6.1930000 0.0000000 0.0000000),1564
(6.1650000 0.0000000 0.0000000),1565
(6.1440000 0.0000000 0.0000000),1566
(6.1310000 0.0000000 0.0000000),1567
(6.0900000 0.0000000 0.0000000),1568
(6.0630000 0.0000000 0.0000000),1569
(6.0090000 0.0000000 0.0000000),1570
(5.9560000 0.0000000 0.0000000),1571
(5.8490000 0.0000000 0.0000000),1572
(5.7690000 0.0000000 0.0000000),1573
(5.6750000 0.0000000 0.0000000),1574
(5.5560000 0.0000000 0.0000000),1575
(5.4180000 0.0000000 0.0000000),1576
(5.3050000 0.0000000 0.0000000),1577
(5.1720000 0.0000000 0.0000000),1578
(5.0060000 0.0000000 0.0000000),1579
(4.8610000 0.0000000 0.0000000),1580
(4.6820000 0.0000000 0.0000000),1581
(4.0660000 0.0000000 0.0000000),1582
(3.8800000 0.0000000 0.0000000),1583
(3.6680000 0.0000000 0.0000000),1584
(3.4820000 0.0000000 0.0000000),1585
(3.3100000 0.0000000 0.0000000),1586
(3.1170000 0.0000000 0.0000000),1587
(2.8850000 0.0000000 0.0000000),1588
(2.6860000 0.0000000 0.0000000),1589
(2.4810000 0.0000000 0.0000000),1590
(2.2760000 0.0000000 0.0000000),1591
(2.0580000 0.0000000 0.0000000),1592
(1.8590000 0.0000000 0.0000000),1593
(1.6540000 0.0000000 0.0000000),1594
(1.4150000 0.0000000 0.0000000),1595
(1.2100000 0.0000000 0.0000000),1596
(1.0190000 0.0000000 0.0000000),1597
(0.7700000 0.0000000 0.0000000),1598
(0.5600000 0.0000000 0.0000000),1599
(0.3500000 0.0000000 0.0000000),1600
(0.1400000 0.0000000 0.0000000),1601
(-0.0700000 0.0000000 0.0000000),1602
(-0.2800000 0.0000000 0.0000000),1603
(-0.5400000 0.0000000 0.0000000),1604
(-0.7600000 0.0000000 0.0000000),1605
(-0.9700000 0.0000000 0.0000000),1606
(-1.2100000 0.0000000 0.0000000),1607
(-1.9400000 0.0000000 0.0000000),1608
(-2.1100000 0.0000000 0.0000000),1609
(-2.3000000 0.0000000 0.0000000),1610
(-2.4500000 0.0000000 0.0000000),1611
(-2.6900000 0.0000000 0.0000000),1612
(-2.8100000 0.0000000 0.0000000),1613
(-2.9200000 0.0000000 0.0000000),1614
(-3.0200000 0.0000000 0.0000000),1615
(-3.0900000 0.0000000 0.0000000),1616
(-3.1800000 0.0000000 0.0000000),1617
(-3.2500000 0.0000000 0.0000000),1618
(-3.3100000 0.0000000 0.0000000),1619
(-3.3600000 0.0000000 0.0000000),1620
(-3.3900000 0.0000000 0.0000000),1621
(-3.4400000 0.0000000 0.0000000),1622
(-3.4600000 0.0000000 0.0000000),1623
(-3.5000000 0.0000000 0.0000000),1624
(-3.5000000 0.0000000 0.0000000),1625
(-3.5200000 0.0000000 0.0000000),1626
(-3.5200000 0.0000000 0.0000000),1627
(-3.5400000 0.0000000 0.0000000),1628
(-3.5400000 0.0000000 0.0000000),1629
(-3.5400000 0.0000000 0.0000000),1630
(-3.5400000 0.0000000 0.0000000),1631
(-3.5400000 0.0000000 0.0000000),1632
(-3.5400000 0.0000000 0.0000000),1633
(-3.5400000 0.0000000 0.0000000),1634
(-3.5400000 0.0000000 0.0000000),1635
(-3.5400000 0.0000000 0.0000000),1636
(-3.5400000 0.0000000 0.0000000),1637
(-3.5400000 0.0000000 0.0000000),1638
(-3.5400000 0.0000000 0.0000000),1639
(-3.5400000 0.0000000 0.0000000),1640
(-3.5400000 0.0000000 0.0000000),1641
(-3.5400000 0.0000000 0.0000000),1642
(-3.5400000 0.0000000 0.0000000),1643
(-3.5400000 0.0000000 0.0000000),1644
(-3.5400000 0.0000000 0.0000000),1645
(-3.5400000 0.0000000 0.0000000),1646
(-3.5400000 0.0000000 0.0000000),1647
(-3.5400000 0.0000000 0.0000000),1648
(-3.5400000 0.0000000 0.0000000),1649
(-3.5400000 0.0000000 0.0000000),1650
(-3.5400000 0.0000000 0.0000000),1651
(-3.5400000 0.0000000 0.0000000),1652
(-3.5400000 0.0000000 0.0000000),1653
(-3.5400000 0.0000000 0.0000000),1654
(-3.5400000 0.0000000 0.0000000),1655
(-3.5400000 0.0000000 0.0000000),1656
(-3.5400000 0.0000000 0.0000000),1657
(-3.5400000 0.0000000 0.0000000),1658
(-3.5400000 0.0000000 0.0000000),1659
(-3.5400000 0.0000000 0.0000000),1660
(-3.5200000 0.0000000 0.0000000),1661
(-3.5000000 0.0000000 0.0000000),1662
(-3.4600000 0.0000000 0.0000000),1663
(-3.4300000 0.0000000 0.0000000),1664
(-3.3800000 0.0000000 0.0000000),1665
(-3.3200000 0.0000000 0.0000000),1666
(-3.2500000 0.0000000 0.0000000),1667
(-3.1500000 0.0000000 0.0000000),1668
(-3.0700000 0.0000000 0.0000000),1669
(-2.9700000 0.0000000 0.0000000),1670
(-2.8400000 0.0000000 0.0000000),1671
(-2.4000000 0.0000000 0.0000000),1672
(-2.2200000 0.0000000 0.0000000),1673
(-2.0800000 0.0000000 0.0000000),1674
(-1.9700000 0.0000000 0.0000000),1675
(-1.8700000 0.0000000 0.0000000),1676
(-1.7700000 0.0000000 0.0000000),1677
(-1.6900000 0.0000000 0.0000000),1678
(-1.6100000 0.0000000 0.0000000),1679
(-1.5300000 0.0000000 0.0000000),1680
(-1.4700000 0.0000000 0.0000000),1681
(-1.4300000 0.0000000 0.0000000),1682
(-1.4200000 0.0000000 0.0000000),1683
(-1.4000000 0.0000000 0.0000000),1684
(-1.3900000 0.0000000 0.0000000),1685
(-1.3900000 0.0000000 0.0000000),1686
(-1.3900000 0.0000000 0.0000000),1687
(-1.3900000 0.0000000 0.0000000),1688
(-1.3900000 0.0000000 0.0000000),1689
(-1.3900000 0.0000000 0.0000000),1690
(-1.3900000 0.0000000 0.0000000),1691
(-1.3900000 0.0000000 0.0000000),1692
(-1.3900000 0.0000000 0.0000000),1693
(-1.3900000 0.0000000 0.0000000),1694
(-1.3900000 0.0000000 0.0000000),1695
(-1.3900000 0.0000000 0.0000000),1696
(-1.3900000 0.0000000 0.0000000),1697
(-1.3900000 0.0000000 0.0000000),1698
(-1.3900000 0.0000000 0.0000000),1699
(-1.3900000 0.0000000 0.0000000),1700
(-1.3900000 0.0000000 0.0000000),1701
(-1.3900000 0.0000000 0.0000000),1702
(-1.3900000 0.0000000 0.0000000),1703
(-1.3900000 0.0000000 0.0000000),1704
(-1.3900000 0.0000000 0.0000000),1705
(-1.3900000 0.0000000 0.0000000),1706
(-1.3900000 0.0000000 0.0000000),1707
(-1.3900000 0.0000000 0.0000000),1708
(-1.3900000 0.0000000 0.0000000),1709
(-1.3900000 0.0000000 0.0000000),1710
(-1.3900000 0.0000000 0.0000000),1711
(-1.3900000 0.0000000 0.0000000),1712
(-1.3900000 0.0000000 0.0000000),1713
(-1.3900000 0.0000000 0.0000000),1714
(-1.3900000 0.0000000 0.0000000),1715
(-1.3900000 0.0000000 0.0000000),1716
(-1.3900000 0.0000000 0.0000000),1717
(-1.3900000 0.0000000 0.0000000),1718
(-1.3900000 0.0000000 0.0000000),1719
(-1.3900000 0.0000000 0.0000000),1720
(-1.3900000 0.0000000 0.0000000),1721
(-1.3900000 0.0000000 0.0000000),1722
(-1.3900000 0.0000000 0.0000000),1723
(-1.3900000 0.0000000 0.0000000),1724
(-1.3900000 0.0000000 0.0000000),1725
(-1.3900000 0.0000000 0.0000000),1726
(-1.3900000 0.0000000 0.0000000),1727
(-1.3900000 0.0000000 0.0000000),1728
(-1.3900000 0.0000000 0.0000000),1729
(-1.3900000 0.0000000 0.0000000),1730
(-1.3900000 0.0000000 0.0000000),1731
(-1.3900000 0.0000000 0.0000000),1732
(-1.3900000 0.0000000 0.0000000),1733
(-1.3900000 0.0000000 0.0000000),1734
(-1.3900000 0.0000000 0.0000000),1735
(-1.3900000 0.0000000 0.0000000),1736
(-1.3900000 0.0000000 0.0000000),1737
(-1.3900000 0.0000000 0.0000000),1738
(-1.3900000 0.0000000 0.0000000),1739
(-1.3900000 0.0000000 0.0000000),1740
(-1.3900000 0.0000000 0.0000000),1741
(-1.3900000 0.0000000 0.0000000),1742
(-1.3900000 0.0000000 0.0000000),1743
(-1.3900000 0.0000000 0.0000000),1744
(-1.3900000 0.0000000 0.0000000),1745
(-1.3900000 0.0000000 0.0000000),1746
(-1.3900000 0.0000000 0.0000000),1747
(-1.3900000 0.0000000 0.0000000),1748
(-1.3900000 0.0000000 0.0000000),1749
(-1.3900000 0.0000000 0.0000000),1750
(-1.3900000 0.0000000 0.0000000),1751
(-1.3900000 0.0000000 0.0000000),1752
(-1.3900000 0.0000000 0.0000000),1753
(-1.3900000 0.0000000 0.0000000),1754
(-1.3900000 0.0000000 0.0000000),1755
(-1.3900000 0.0000000 0.0000000),1756
(-1.3900000 0.0000000 0.0000000),1757
(-1.3900000 0.0000000 0.0000000),1758
(-1.3900000 0.0000000 0.0000000),1759
(-1.3900000 0.0000000 0.0000000),1760
(-1.3900000 0.0000000 0.0000000),1761
(-1.3900000 0.0000000 0.0000000),1762
(-1.3900000 0.0000000 0.0000000),1763
(-1.3900000 0.0000000 0.0000000),1764
(-1.3900000 0.0000000 0.0000000),1765
(-1.3900000 0.0000000 0.0000000),1766
(-1.3900000 0.0000000 0.0000000),1767
(-1.3900000 0.0000000 0.0000000),1768
(-1.3900000 0.0000000 0.0000000),1769
(-1.3900000 0.0000000 0.0000000),1770
(-1.3900000 0.0000000 0.0000000),1771
(-1.3900000 0.0000000 0.0000000),1772
(-1.3900000 0.0000000 0.0000000),1773
(-1.3900000 0.0000000 0.0000000),1774
(-1.3900000 0.0000000 0.0000000),1775
(-1.3900000 0.0000000 0.0000000),1776
(-1.3900000 0.0000000 0.0000000),1777
(-1.3900000 0.0000000 0.0000000),1778
(-1.3900000 0.0000000 0.0000000),1779
(-1.3900000 0.0000000 0.0000000),1780
(-1.3900000 0.0000000 0.0000000),1781
(-1.3900000 0.0000000 0.0000000),1782
(-1.3900000 0.0000000 0.0000000),1783
(-1.3900000 0.0000000 0.0000000),1784
(-1.3900000 0.0000000 0.0000000),1785
(-1.3900000 0.0000000 0.0000000),1786
(-1.3900000 0.0000000 0.0000000),1787
(-1.3900000 0.0000000 0.0000000),1788
(-1.3900000 0.0000000 0.0000000),1789
(-1.3900000 0.0000000 0.0000000),1790
(-1.3900000 0.0000000 0.0000000),1791
(-1.3900000 0.0000000 0.0000000),1792
(-1.3900000 0.0000000 0.0000000),1793
(-1.3900000 0.0000000 0.0000000),1794
(-1.3900000 0.0000000 0.0000000),1795
(-1.3900000 0.0000000 0.0000000),1796
(-1.3900000 0.0000000 0.0000000),1797
(-1.3900000 0.0000000 0.0000000),1798
(-1.3900000 0.0000000 0.0000000),1799
(-1.3900000 0.0000000 0.0000000),1800
(-1.3900000 0.0000000 0.0000000),1801
(-1.3900000 0.0000000 0.0000000),1802
(-1.3900000 0.0000000 0.0000000),1803
(-1.3900000 0.0000000 0.0000000),1804
(-1.3900000 0.0000000 0.0000000),1805
(-1.3900000 0.0000000 0.0000000),1806
(-1.3900000 0.0000000 0.0000000),1807
(-1.3900000 0.0000000 0.0000000),1808
(-1.3900000 0.0000000 0.0000000),1809
(-1.3900000 0.0000000 0.0000000),1810
(-1.3900000 0.0000000 0.0000000),1811
(-1.3900000 0.0000000 0.0000000),1812
(-1.3900000 0.0000000 0.0000000),1813
(-1.3900000 0.0000000 0.0000000),1814
(-1.3900000 0.0000000 0.0000000),1815
(-1.3900000 0.0000000 0.0000000),1816
(-1.3900000 0.0000000 0.0000000),1817
(-1.3900000 0.0000000 0.0000000),1818
(-1.3900000 0.0000000 0.0000000),1819
(-1.3900000 0.0000000 0.0000000),1820
(-1.3900000 0.0000000 0.0000000),1821
(-1.3900000 0.0000000 0.0000000),1822
(-1.3900000 0.0000000 0.0000000),1823
(-1.3900000 0.0000000 0.0000000),1824
(-1.3900000 0.0000000 0.0000000),1825
(-1.3900000 0.0000000 0.0000000),1826
(-1.3900000 0.0000000 0.0000000),1827
(-1.3900000 0.0000000 0.0000000),1828
(-1.3900000 0.0000000 0.0000000),1829
(-1.3900000 0.0000000 0.0000000),1830
(-1.3900000 0.0000000 0.0000000),1831
(-1.3900000 0.0000000 0.0000000),1832
(-1.3900000 0.0000000 0.0000000),1833
(-1.3900000 0.0000000 0.0000000),1834
(-1.3900000 0.0000000 0.0000000),1835
(-1.3900000 0.0000000 0.0000000),1836
(-1.3900000 0.0000000 0.0000000),1837
(-1.3900000 0.0000000 0.0000000),1838
(-1.3900000 0.0000000 0.0000000),1839
(-1.3900000 0.0000000 0.0000000),1840
(-1.3900000 0.0000000 0.0000000),1841
(-1.3900000 0.0000000 0.0000000),1842
(-1.3900000 0.0000000 0.0000000),1843
(-1.3900000 0.0000000 0.0000000),1844
(-1.3900000 0.0000000 0.0000000),1845
(-1.3900000 0.0000000 0.0000000),1846
(-1.3900000 0.0000000 0.0000000),1847
(-1.3900000 0.0000000 0.0000000),1848
(-1.3900000 0.0000000 0.0000000),1849
(-1.3900000 0.0000000 0.0000000),1850
(-1.3900000 0.0000000 0.0000000),1851
(-1.3900000 0.0000000 0.0000000),1852
(-1.3900000 0.0000000 0.0000000),1853
(-1.3900000 0.0000000 0.0000000),1854
(-1.3900000 0.0000000 0.0000000),1855
(-1.3900000 0.0000000 0.0000000),1856
(-1.3900000 0.0000000 0.0000000),1857
(-1.3900000 0.0000000 0.0000000),1858
(-1.3900000 0.0000000 0.0000000),1859
(-1.3900000 0.0000000 0.0100000),1860
(-1.3900000 0.0000000 0.0500000),1861
(-1.3900000 0.0000000 0.0500000),1862
(-1.3900000 0.0000000 0.1000000),1863
(-1.3900000 0.0000000 0.1500000),1864
(-1.3900000 0.0000000 0.1900000),1865
(-1.3900000 0.0000000 0.2400000),1866
(-1.3900000 0.0000000 0.3000000),1867
(-1.3900000 0.0000000 0.3500000),1868
(-1.3900000 0.0000000 0.4200000),1869
(-1.3900000 0.0000000 0.6500000),1870
(-1.3900000 0.0000000 0.7500000),1871
(-1.3900000 0.0000000 0.8000000),1872
(-1.3900000 0.0000000 0.8800000),1873
(-1.3900000 0.0000000 0.9500000),1874
(-1.3900000 0.0000000 1.1000000),1875
(-1.3900000 0.0000000 1.2000000),1876
(-1.3900000 0.0000000 1.2500000),1877
(-1.3900000 0.0000000 1.3500000),1878
(-1.3900000 0.0000000 1.4200000),1879
(-1.3900000 0.0000000 1.5200000),1880
(-1.3900000 0.0000000 1.6200000),1881
(-1.3900000 0.0000000 1.7600000),1882
(-1.3900000 0.0000000 1.8500000),1883
(-1.3900000 0.0000000 1.9400000),1884
(-1.3900000 0.0000000 2.0600000),1885
(-1.3900000 0.0000000 2.1700000),1886
(-1.3900000 0.0000000 2.2700000),1887
(-1.3900000 0.0000000 2.3900000),1888
(-1.3900000 0.0000000 2.4900000),1889
(-1.3900000 0.0000000 2.6000000),1890
(-1.3900000 0.0000000 2.6840000),1891
(-1.3900000 0.0000000 2.7860000),1892
(-1.3900000 0.0000000 2.8870000),1893
(-1.3900000 0.0000000 2.9600000),1894
(-1.3900000 0.0000000 3.1940000),1895
(-1.3900000 0.0000000 3.2530000),1896
(-1.3900000 0.0000000 3.2860000),1897
(-1.3900000 0.0000000 3.3260000),1898
(-1.3900000 0.0000000 3.3650000),1899
(-1.3900000 0.0000000 3.3850000),1900
(-1.3900000 0.0000000 3.4100000),1901
(-1.3900000 0.0000000 3.4290000),1902
(-1.3900000 0.0000000 3.4350000),1903
(-1.3900000 0.0000000 3.4540000),1904
(-1.3900000 0.0000000 3.4600000),1905
(-1.3900000 0.0000000 3.4650000),1906
(-1.3900000 0.0000000 3.4650000),1907
(-1.3900000 0.0000000 3.4700000),1908
(-1.3900000 0.0000000 3.4760000),1909
(-1.3900000 0.0000000 3.4470000),1910
(-1.3900000 0.0000000 3.4330000),1911
(-1.3900000 0.0000000 3.4040000),1912
(-1.3900000 0.0000000 3.3670000),1913
(-1.3900000 0.0000000 3.3300000),1914
(-1.3900000 0.0000000 3.2730000),1915
(-1.3900000 0.0000000 3.2010000),1916
(-1.3900000 0.0000000 3.1360000),1917
(-1.3900000 0.0000000 3.0500000),1918
(-1.3900000 0.0000000 2.9500000),1919
(-1.3900000 0.0000000 2.8030000),1920
(-1.3900000 0.0000000 2.6690000),1921
(-1.3900000 0.0000000 2.0620000),1922
(-1.3900000 0.0000000 1.8400000),1923
(-1.3900000 0.0000000 1.6300000),1924
(-1.3900000 0.0000000 1.3600000),1925
(-1.3900000 0.0000000 1.1000000),1926
(-1.3900000 0.0000000 0.8400000),1927
(-1.3900000 0.0000000 0.5400000),1928
(-1.3900000 0.0000000 0.3100000),1929
(-1.3900000 0.0000000 0.0000000),1930
(-1.3900000 0.0000000 -0.2400000),1931
(-1.3900000 0.0000000 -0.5100000),1932
(-1.3900000 0.0000000 -0.7500000),1933
(-1.3900000 0.0000000 -0.9500000),1934
(-1.3900000 0.0000000 -1.2000000),1935
(-1.3900000 0.0000000 -1.3800000),1936
(-1.3900000 0.0000000 -1.6000000),1937
(-1.3900000 0.0000000 -1.8000000),1938
(-1.3900000 0.0000000 -1.9700000),1939
(-1.3900000 0.0000000 -2.1800000),1940
(-1.3900000 0.0000000 -2.3200000),1941
(-1.3900000 0.0000000 -2.4800000),1942
(-1.3900000 0.0000000 -2.5900000),1943
(-1.3900000 0.0000000 -2.7500000),1944
(-1.3900000 0.0000000 -2.8500000),1945
(-1.3900000 0.0000000 -2.9300000),1946
(-1.3900000 0.0000000 -3.0000000),1947
(-1.3900000 0.0000000 -3.0900000),1948
(-1.3900000 0.0000000 -3.0900000),1949
(-1.3900000 0.0000000 -3.0900000),1950
(-1.3900000 0.0000000 -3.0900000),1951
(-1.3900000 0.0000000 -3.0900000),1952
(-1.3900000 0.0000000 -3.0900000),1953
(-1.3900000 0.0000000 -3.0800000),1954
(-1.3900000 0.0000000 -3.0300000),1955
(-1.3900000 0.0000000 -2.9800000),1956
(-1.3900000 0.0000000 -2.8900000),1957
(-1.3900000 0.0000000 -2.7800000),1958
(-1.3900000 0.0000000 -2.6800000),1959
(-1.3900000 0.0000000 -2.5400000),1960
(-1.3900000 0.0000000 -2.3900000),1961
(-1.3900000 0.0000000 -2.1700000),1962
(-1.3900000 0.0000000 -1.9900000),1963
(-1.3900000 0.0000000 -1.7900000),1964
(-1.3900000 0.0000000 -1.5800000),1965
(-1.3900000 0.0000000 -1.3700000),1966
(-1.3900000 0.0000000 -1.0900000),1967
(-1.3900000 0.0000000 -0.9000000),1968
(-1.3900000 0.0000000 -0.6100000),1969
(-1.3900000 0.0000000 -0.4000000),1970
(-1.3900000 0.0000000 -0.1700000),1971
(-1.3900000 0.0000000 0.1100000),1972
(-1.3900000 0.0000000 0.3800000),1973
(-1.3900000 0.0000000 0.5900000),1974
(-1.3900000 0.0000000 1.3000000),1975
(-1.3900000 0.0000000 1.5300000),1976
(-1.3900000 0.0000000 1.7600000),1977
(-1.3900000 0.0000000 1.9300000),1978
(-1.3900000 0.0000000 2.0900000),1979
(-1.3900000 0.0000000 2.2500000),1980
(-1.3900000 0.0000000 2.4000000),1981
(-1.3900000 0.0000000 2.5600000),1982
(-1.3900000 0.0000000 2.6830000),1983
(-1.3900000 0.0000000 2.8360000),1984
(-1.3900000 0.0000000 2.9520000),1985
(-1.3900000 0.0000000 3.0760000),1986
(-1.3900000 0.0000000 3.1870000),1987
(-1.3900000 0.0000000 3.2830000),1988
(-1.3900000 0.0000000 3.3850000),1989
(-1.3900000 0.0000000 3.4330000),1990
(-1.3900000 0.0000000 3.5150000),1991
(-1.3900000 0.0000000 3.5770000),1992
(-1.3900000 0.0000000 3.6300000),1993
(-1.3900000 0.0000000 3.6980000),1994
(-1.3900000 0.0000000 3.7800000),1995
(-1.3900000 0.0000000 3.8340000),1996
(-1.3900000 0.0000000 3.8820000),1997
(-1.3900000 0.0000000 3.9490000),1998
(-1.3900000 0.0000000 3.9830000),1999
(-1.3900000 0.0000000 4.0370000),2000
(-1.3900000 0.0000000 4.1080000),2001
(-1.3900000 0.0000000 4.1080000),2002
(-1.3900000 0.0000000 4.1080000),2003
(-1.3900000 0.0000000 4.1080000),2004
(-1.3900000 0.0000000 4.1080000),2005
(-1.3900000 0.0000000 4.1130000),2006
(-1.3900000 0.0000000 4.1130000),2007
(-1.3900000 0.0000000 4.1130000),2008
(-1.3900000 0.0000000 4.1130000),2009
(-1.3900000 0.0000000 4.1130000),2010
(-1.3900000 0.0000000 4.1130000),2011
(-1.3900000 0.0000000 4.0850000),2012
(-1.3900000 0.0000000 4.0170000),2013
(-1.3900000 0.0000000 3.9640000),2014
(-1.3900000 0.0000000 3.8820000),2015
(-1.3900000 0.0000000 3.8140000),2016
(-1.3900000 0.0000000 3.7180000),2017
(-1.3900000 0.0000000 3.6160000),2018
(-1.3900000 0.0000000 3.4920000),2019
(-1.3900000 0.0000000 3.3670000),2020
(-1.3900000 0.0000000 3.2560000),2021
(-1.3900000 0.0000000 3.1120000),2022
(-1.3900000 0.0000000 2.9730000),2023
(-1.3900000 0.0000000 2.8340000),2024
(-1.3900000 0.0000000 2.6760000),2025
(-1.3900000 0.0000000 2.4740000),2026
(-1.3900000 0.0000000 2.3200000),2027
(-1.3900000 0.0000000 2.1300000),2028
(-1.3900000 0.0000000 1.8900000),2029
(-1.3900000 0.0000000 1.2000000),2030
(-1.3900000 0.0000000 0.9400000),2031
(-1.3900000 0.0000000 0.7200000),2032
(-1.3900000 0.0000000 0.5000000),2033
(-1.3900000 0.0000000 0.2800000),2034
(-1.3900000 0.0000000 -0.0200000),2035
(-1.3900000 0.0000000 -0.3100000),2036
(-1.3900000 0.0000000 -0.5500000),2037
(-1.3900000 0.0000000 -0.7800000),2038
(-1.3900000 0.0000000 -1.0800000),2039
(-1.3900000 0.0000000 -1.3100000),2040
(-1.3900000 0.0000000 -1.5300000),2041
(-1.3900000 0.0000000 -1.7100000),2042
(-1.3900000 0.0000000 -1.8900000),2043
(-1.3900000 0.0000000 -2.0300000),2044
(-1.3900000 0.0000000 -2.1500000),2045
(-1.3900000 0.0000000 -2.2300000),2046
(-1.3900000 0.0000000 -2.3100000),2047
(-1.3900000 0.0000000 -2.3100000),2048
(-1.3900000 0.0000000 -2.3300000),2049
(-1.3900000 0.0000000 -2.3400000),2050
(-1.3900000 0.0000000 -2.3600000),2051
(-1.3900000 0.0000000 -2.3600000),2052
(-1.3900000 0.0000000 -2.3600000),2053
(-1.3900000 0.0000000 -2.3600000),2054
(-1.3900000 0.0000000 -2.3600000),2055
(-1.3900000 0.0000000 -2.3600000),2056
(-1.3900000 0.0000000 -2.3600000),2057
(-1.3900000 0.0000000 -2.3600000),2058
(-1.3900000 0.0000000 -2.3600000),2059
(-1.3900000 0.0000000 -2.3600000),2060
(-1.3900000 0.0000000 -2.3600000),2061
(-1.3900000 0.0000000 -2.3600000),2062
(-1.3900000 0.0000000 -2.3600000),2063
(-1.3900000 0.0000000 -2.3600000),2064
(-1.3900000 0.0000000 -2.3600000),2065
(-1.3900000 0.0000000 -2.3600000),2066
(-1.3900000 0.0000000 -2.3600000),2067
(-1.3900000 0.0000000 -2.3600000),2068
(-1.3900000 0.0000000 -2.3600000),2069
(-1.3900000 0.0000000 -2.3600000),2070
(-1.3900000 0.0000000 -2.3600000),2071
(-1.3900000 0.0000000 -2.3600000),2072
(-1.3900000 0.0000000 -2.3600000),2073
(-1.3900000 0.0000000 -2.3600000),2074
(-1.3900000 0.0000000 -2.3600000),2075
(-1.3900000 0.0000000 -2.3600000),2076
(-1.3900000 0.0000000 -2.3600000),2077
(-1.3900000 0.0000000 -2.3600000),2078
(-1.3900000 0.0000000 -2.3600000),2079
(-1.3900000 0.0000000 -2.3600000),2080
(-1.3900000 0.0000000 -2.3600000),2081
(-1.3900000 0.0000000 -2.3600000),2082
(-1.3900000 0.0000000 -2.3600000),2083
(-1.3900000 0.0000000 -2.3600000),2084
(-1.3900000 0.0000000 -2.3600000),2085
(-1.3900000 0.0000000 -2.3600000),2086
(-1.3900000 0.0000000 -2.3600000),2087
(-1.3900000 0.0000000 -2.3600000),2088
(-1.3900000 0.0000000 -2.3600000),2089
(-1.3900000 0.0000000 -2.3600000),2090
(-1.3900000 0.0000000 -2.3600000),2091
(-1.3900000 0.0000000 -2.3600000),2092
(-1.3900000 0.0000000 -2.3600000),2093
(-1.3900000 0.0000000 -2.3600000),2094
(-1.3900000 0.0000000 -2.3600000),2095
(-1.3900000 0.0000000 -2.3600000),2096
(-1.3900000 0.0000000 -2.3600000),2097
(-1.3900000 0.0000000 -2.3600000),2098
(-1.3900000 0.0000000 -2.3600000),2099
(-1.3900000 0.0000000 -2.3600000),2100
(-1.3900000 0.0000000 -2.3600000),2101
(-1.3900000 0.0000000 -2.3600000),2102
(-1.3900000 0.0000000 -2.3600000),2103
(-1.3900000 0.0000000 -2.3600000),2104
(-1.3900000 0.0000000 -2.3600000),2105
(-1.3900000 0.0000000 -2.3600000),2106
(-1.3900000 0.0000000 -2.3600000),2107
(-1.3900000 0.0000000 -2.3600000),2108
(-1.3900000 0.0000000 -2.3600000),2109
(-1.3900000 0.0000000 -2.3600000),2110
(-1.3900000 0.0000000 -2.3600000),2111
(-1.3900000 0.0000000 -2.3600000),2112
(-1.3900000 0.0000000 -2.3600000),2113
(-1.3900000 0.0000000 -2.3600000),2114
(-1.3900000 0.0000000 -2.3600000),2115
(-1.3900000 0.0000000 -2.3600000),2116
(-1.3900000 0.0000000 -2.3600000),2117
(-1.3900000 0.0000000 -2.3600000),2118
(-1.3900000 0.0000000 -2.3600000),2119
(-1.3900000 0.0000000 -2.3600000),2120
(-1.3900000 0.0000000 -2.3600000),2121
(-1.3900000 0.0000000 -2.3600000),2122
(-1.3900000 0.0000000 -2.3600000),2123
(-1.3900000 0.0000000 -2.3600000),2124
(-1.3900000 0.0000000 -2.3600000),2125
(-1.3900000 0.0000000 -2.3600000),2126
(-1.3900000 0.0000000 -2.3600000),2127
(-1.3900000 0.0000000 -2.3600000),2128
(-1.3900000 0.0000000 -2.3600000),2129
(-1.3900000 0.0000000 -2.3600000),2130
(-1.3900000 0.0000000 -2.3600000),2131
(-1.3900000 0.0000000 -2.3600000),2132
(-1.3900000 0.0000000 -2.3600000),2133
(-1.3900000 0.0000000 -2.3600000),2134
(-1.3900000 0.0000000 -2.3600000),2135
(-1.3900000 0.0000000 -2.3600000),2136
(-1.3900000 0.0000000 -2.3600000),2137
(-1.3900000 0.0000000 -2.3600000),2138
(-1.3900000 0.0000000 -2.3600000),2139
(-1.3900000 0.0000000 -2.3600000),2140
(-1.3900000 0.0000000 -2.3600000),2141
(-1.3900000 0.0000000 -2.3600000),2142
(-1.3900000 0.0000000 -2.3600000),2143
(-1.3900000 0.0000000 -2.3600000),2144
(-1.3900000 0.0000000 -2.3600000),2145
(-1.3900000 0.0000000 -2.3600000),2146
(-1.3900000 0.0000000 -2.3600000),2147
(-1.3900000 0.0000000 -2.3600000),2148
(-1.3900000 0.0000000 -2.3600000),2149
(-1.3900000 0.0000000 -2.3600000),2150
(-1.3900000 0.0000000 -2.3600000),2151
(-1.3900000 0.0000000 -2.3600000),2152
(-1.3900000 0.0000000 -2.3600000),2153
(-1.3900000 0.0000000 -2.3600000),2154
(-1.3900000 0.0000000 -2.3600000),2155
(-1.3900000 0.0000000 -2.3600000),2156
(-1.3900000 0.0000000 -2.3600000),2157
(-1.3900000 0.0000000 -2.3600000),2158
(-1.3900000 0.0000000 -2.3600000),2159
(-1.3900000 0.0000000 -2.3600000),2160
(-1.3900000 0.0000000 -2.3600000),2161
(-1.3900000 0.0000000 -2.3600000),2162
(-1.3900000 0.0000000 -2.3600000),2163
(-1.3900000 0.0000000 -2.3600000),2164
(-1.3900000 0.0000000 -2.3600000),2165
(-1.3900000 0.0000000 -2.3600000),2166
(-1.3900000 0.0000000 -2.3600000),2167
(-1.3900000 0.0000000 -2.3600000),2168
(-1.3900000 0.0000000 -2.3600000),2169
(-1.3900000 0.0000000 -2.3600000),2170
(-1.3900000 0.0000000 -2.3600000),2171
(-1.3900000 0.0000000 -2.3600000),2172
(-1.3900000 0.0000000 -2.3600000),2173
(-1.3900000 0.0000000 -2.3600000),2174
(-1.3900000 0.0000000 -2.3600000),2175
(-1.3900000 0.0000000 -2.3600000),2176
(-1.3900000 0.0000000 -2.3600000),2177
(-1.3900000 0.0000000 -2.3600000),2178
(-1.3900000 0.0000000 -2.3600000),2179
(-1.3900000 0.0000000 -2.3600000),2180
(-1.3900000 0.0000000 -2.3600000),2181
(-1.3900000 0.0000000 -2.3600000),2182
(-1.3900000 0.0000000 -2.3600000),2183
(-1.3900000 0.0000000 -2.3600000),2184
(-1.3900000 0.0000000 -2.3600000),2185
(-1.3900000 0.0000000 -2.3600000),2186
(-1.3900000 0.0000000 -2.3600000),2187
(-1.3900000 0.0000000 -2.3600000),2188
(-1.3900000 0.0000000 -2.3600000),2189
(-1.3900000 0.0000000 -2.3600000),2190
(-1.3900000 0.0000000 -2.3600000),2191
(-1.3900000 0.0000000 -2.3600000),2192
(-1.3900000 0.0000000 -2.3600000),2193
(-1.3900000 0.0000000 -2.3600000),2194
(-1.3900000 0.0000000 -2.3600000),2195
(-1.3900000 0.0000000 -2.3600000),2196
(-1.3900000 0.0000000 -2.3600000),2197
(-1.3900000 0.0000000 -2.3600000),2198
(-1.3900000 0.0000000 -2.3600000),2199
(-1.3900000 0.0000000 -2.3600000),2200
(-1.3900000 0.0000000 -2.3600000),2201
(-1.3900000 0.0000000 -2.3600000),2202
(-1.3900000 0.0000000 -2.3600000),2203
(-1.3900000 0.0000000 -2.3600000),2204
(-1.3900000 0.0000000 -2.3600000),2205
(-1.3900000 0.0000000 -2.3600000),2206
(-1.3900000 0.0000000 -2.3600000),2207
(-1.3900000 0.0000000 -2.3600000),2208
(-1.3900000 0.0000000 -2.3600000),2209
(-1.3900000 0.0000000 -2.3600000),2210
(-1.3900000 0.0000000 -2.3600000),2211
(-1.3900000 0.0000000 -2.3600000),2212
(-1.3900000 0.0000000 -2.3600000),2213
(-1.3900000 0.0000000 -2.3600000),2214
(-1.3900000 0.0000000 -2.3600000),2215
(-1.3900000 0.0000000 -2.3600000),2216
(-1.3900000 0.0000000 -2.3600000),2217
(-1.3900000 0.0000000 -2.3600000),2218
(-1.3900000 0.0000000 -2.3600000),2219
(-1.3900000 0.0000000 -2.3600000),2220
(-1.3900000 0.0000000 -2.3600000),2221
(-1.3900000 0.0000000 -2.3600000),2222
(-1.3900000 0.0000000 -2.3600000),2223
(-1.3900000 0.0000000 -2.3600000),2224
(-1.3900000 0.0000000 -2.3600000),2225
(-1.3900000 0.0000000 -2.3600000),2226
(-1.3900000 0.0000000 -2.3600000),2227
(-1.3900000 0.0000000 -2.3600000),2228
(-1.3900000 0.0000000 -2.3600000),2229
(-1.3900000 0.0000000 -2.3600000),2230
(-1.3900000 0.0000000 -2.3600000),2231
(-1.3900000 0.0000000 -2.3600000),2232
(-1.3900000 0.0000000 -2.3600000),2233
(-1.3900000 0.0000000 -2.3600000),2234
(-1.3900000 0.0000000 -2.3600000),2235
(-1.3900000 0.0000000 -2.3600000),2236
(-1.3900000 0.0000000 -2.3600000),2237
(-1.3900000 0.0000000 -2.3600000),2238
(-1.3900000 0.0000000 -2.3600000),2239
(-1.3900000 0.0000000 -2.3600000),2240
(-1.3900000 0.0000000 -2.3600000),2241
(-1.3900000 0.0000000 -2.3600000),2242
(-1.3900000 0.0000000 -2.3600000),2243
(-1.3900000 0.0000000 -2.3600000),2244
(-1.3900000 0.0000000 -2.3600000),2245
(-1.3900000 0.0000000 -2.3600000),2246
(-1.3900000 0.0000000 -2.3600000),2247
(-1.3900000 0.0000000 -2.3600000),2248
(-1.3900000 0.0000000 -2.3600000),2249
(-1.3900000 0.0000000 -2.3600000),2250
(-1.3900000 0.0000000 -2.3600000),2251
(-1.3900000 0.0000000 -2.3600000),2252
(-1.3900000 0.0000000 -2.3600000),2253
(-1.3900000 0.0000000 -2.3600000),2254
(-1.3900000 0.0000000 -2.3600000),2255
(-1.3900000 0.0000000 -2.3600000),2256
(-1.3900000 0.0000000 -2.3600000),2257
(-1.3900000 0.0000000 -2.3600000),2258
(-1.3900000 0.0000000 -2.3600000),2259
(-1.3900000 0.0000000 -2.3600000),2260
(-1.3900000 0.0000000 -2.3600000),2261

